academia,q,"(array([ 2.60775554,  0.02092362, -0.71092456,  2.13398441]), nan, {'warnflag': 2, 'task': 'ABNORMAL_TERMINATION_IN_LNSRCH', 'grad': array([ -1.04863284e+02,  -8.89402140e+05,   2.03352304e+05,
        -2.31273079e+04]), 'nit': 429, 'funcalls': 772})",a,"(array([  4.95930638,  12.06148165,   0.2430515 ,  10.29974518]), 265947.2440097204, {'warnflag': 0, 'task': 'CONVERGENCE: REL_REDUCTION_OF_F_<=_FACTR*EPSMCH', 'grad': array([   -702.32199505,    3977.08499804, -433345.98885849,
        -10475.33005476]), 'nit': 180, 'funcalls': 282})",c,"(array([ 5.0202393 ,  1.32883604,  0.76589224,  0.6361385 ]), inf, {'warnflag': 2, 'task': 'ABNORMAL_TERMINATION_IN_LNSRCH', 'grad': array([ -1.87074207e+05,  -1.57966889e+08,   1.46630236e+08,
         1.93913956e+08]), 'nit': 1, 'funcalls': 30})"android,q,"(array([ 5.03288173,  1.29842684,  0.77928856,  0.68257474]), inf, {'warnflag': 2, 'task': 'ABNORMAL_TERMINATION_IN_LNSRCH', 'grad': array([   -89971.56983241, -26380944.71767545,  24302379.22817469,
        32094913.76765072]), 'nit': 1, 'funcalls': 29})",a,"(array([ 7.51068355,  5.96035133,  0.3662655 ,  4.88030652]), 492447.0819412491, {'warnflag': 0, 'task': 'CONVERGENCE: REL_REDUCTION_OF_F_<=_FACTR*EPSMCH', 'grad': array([   -1613.91217262,   -62996.02100626,  1584358.46678913,
         127531.58807755]), 'nit': 96, 'funcalls': 161})",c,"(array([ 5.01315915,  1.29588042,  0.78467495,  0.68007807]), inf, {'warnflag': 2, 'task': 'ABNORMAL_TERMINATION_IN_LNSRCH', 'grad': array([ -1.83695182e+05,  -1.50597338e+08,   1.37766101e+08,
         1.83504893e+08]), 'nit': 1, 'funcalls': 29})"anime,q,"(array([ 5.02108385,  1.27415449,  0.80253549,  0.70002782]), nan, {'warnflag': 2, 'task': 'ABNORMAL_TERMINATION_IN_LNSRCH', 'grad': array([  -3367.19458573, -408871.90625654,  366614.58798335,
        497885.7068636 ]), 'nit': 1, 'funcalls': 27})",a,"(array([ 22.72080719,  34.13132959,   0.10983026,  33.63139536]), 43490.81414510516, {'warnflag': 0, 'task': 'CONVERGENCE: REL_REDUCTION_OF_F_<=_FACTR*EPSMCH', 'grad': array([ -1.62835931e+00,  -1.32269633e+01,   1.44106234e+04,
         4.70463419e+01]), 'nit': 154, 'funcalls': 261})",c,"(array([  6.42336402e+01,   5.89742348e-01,  -3.11380027e-02,
         1.29872349e+01]), 285378.94592583296, {'warnflag': 0, 'task': 'CONVERGENCE: REL_REDUCTION_OF_F_<=_FACTR*EPSMCH', 'grad': array([ -1.76951289e+01,  -1.57194678e+04,   1.34248752e+05,
        -2.93896301e+02]), 'nit': 247, 'funcalls': 395})"apple,q,"(array([ 56.58021919,  17.1982564 ,   0.22359083,  13.2985355 ]), 1528686.815424353, {'warnflag': 0, 'task': 'CONVERGENCE: REL_REDUCTION_OF_F_<=_FACTR*EPSMCH', 'grad': array([  1.37370080e+01,   6.68689609e+02,  -1.27476943e+05,
        -2.31871381e+03]), 'nit': 107, 'funcalls': 165})",a,"(array([ 5.01749608,  1.30231937,  0.78561351,  0.66399695]), inf, {'warnflag': 2, 'task': 'ABNORMAL_TERMINATION_IN_LNSRCH', 'grad': array([ -3.35958414e+05,  -1.90458239e+08,   1.72806101e+08,
         2.34272216e+08]), 'nit': 1, 'funcalls': 29})",c,"(array([  9.06841962e+02,   1.50498672e+01,   3.82475193e+01,
         2.49229560e-01]), 12983707.078604989, {'warnflag': 0, 'task': 'CONVERGENCE: REL_REDUCTION_OF_F_<=_FACTR*EPSMCH', 'grad': array([  -3.7252903 ,  -46.56612873,  105.23945093,  -33.34134817]), 'nit': 88, 'funcalls': 125})"arduino,q,"(array([-79.61328622,  31.33054664,  12.61677263,   0.65107534]), 126.61364720645082, {'warnflag': 0, 'task': 'CONVERGENCE: REL_REDUCTION_OF_F_<=_FACTR*EPSMCH', 'grad': array([    1.89434388,    16.36225448,   -56.78355848, -1386.43755889]), 'nit': 238, 'funcalls': 397})",a,"(array([-23.16024665,  41.82820798,   0.13237766,  27.70946547]), 2683.087097783276, {'warnflag': 0, 'task': 'CONVERGENCE: REL_REDUCTION_OF_F_<=_FACTR*EPSMCH', 'grad': array([ 14.29775693,   0.09217729,   1.85655153,  -0.476075  ]), 'nit': 111, 'funcalls': 220})",c,"(array([ 3.61547652,  0.40560481,  1.30731324, -0.56405672]), 12962.397946982135, {'warnflag': 0, 'task': 'CONVERGENCE: REL_REDUCTION_OF_F_<=_FACTR*EPSMCH', 'grad': array([ 27.71103027,  15.80283424,   6.39302016, -15.55345079]), 'nit': 116, 'funcalls': 206})"astronomy,q,"(array([  82.53827763,  114.12231314,   16.82717251,    6.90383954]), 662.6153895476297, {'warnflag': 0, 'task': 'CONVERGENCE: REL_REDUCTION_OF_F_<=_FACTR*EPSMCH', 'grad': array([ -2.35331754e-03,   0.00000000e+00,  -7.95807864e-05,
        -4.54747351e-05]), 'nit': 137, 'funcalls': 188})",a,"(array([ 134.92277223,   82.32956266,  797.85189449,    2.65683741]), 5320.4615473572885, {'warnflag': 0, 'task': 'CONVERGENCE: REL_REDUCTION_OF_F_<=_FACTR*EPSMCH', 'grad': array([-0.00391083,  0.        ,  0.        ,  0.        ]), 'nit': 130, 'funcalls': 180})",c,"(array([ 5.01744361,  0.12503291, -0.91735259, -1.71520862]), 46079.22373636566, {'warnflag': 0, 'task': 'CONVERGENCE: REL_REDUCTION_OF_F_<=_FACTR*EPSMCH', 'grad': array([ -6.73026079e+00,  -2.44855037e+04,  -4.81358438e+02,
         2.32745952e+03]), 'nit': 154, 'funcalls': 246})"aviation,q,"(array([  5.85208378,   6.81256852,   0.15476333,  12.53438928]), 7778.087153337233, {'warnflag': 0, 'task': 'CONVERGENCE: REL_REDUCTION_OF_F_<=_FACTR*EPSMCH', 'grad': array([  14.90871   ,    2.17050911, -160.36701709,   -3.13702913]), 'nit': 74, 'funcalls': 106})",a,"(array([ 4.93576643,  0.20038417, -0.41043323,  1.88314139]), nan, {'warnflag': 2, 'task': 'ABNORMAL_TERMINATION_IN_LNSRCH', 'grad': array([  9.99119948e+01,   1.30449525e+05,  -1.08226968e+05,
         6.85089253e+03]), 'nit': 34, 'funcalls': 136})",c,"(array([ -2.22518919e+00,   1.06030996e+02,   3.00750301e-02,
         1.54976053e+02]), nan, {'warnflag': 2, 'task': 'ABNORMAL_TERMINATION_IN_LNSRCH', 'grad': array([  3.50811752e+02,  -4.58554132e+02,   7.44605419e+06,
         1.44075602e+03]), 'nit': 250, 'funcalls': 430})"avp,q,"(array([-16.03906125,   1.83839274,   0.18174141,   2.21136326]), 291.15628476001433, {'warnflag': 0, 'task': 'CONVERGENCE: REL_REDUCTION_OF_F_<=_FACTR*EPSMCH', 'grad': array([  -2.24813448,  -99.52225355,  461.45748911,   49.21453183]), 'nit': 126, 'funcalls': 194})",a,"(array([-18.2242388 ,   0.21858478,  -0.7322005 ,   0.04857754]), nan, {'warnflag': 2, 'task': 'ABNORMAL_TERMINATION_IN_LNSRCH', 'grad': array([    22.35397005,  12736.12724617,  -8526.52165122,   2256.7411861 ]), 'nit': 671, 'funcalls': 1022})",c,"(array([ 1.80796772,  0.24847004, -0.62832266,  0.01363367]), nan, {'warnflag': 2, 'task': 'ABNORMAL_TERMINATION_IN_LNSRCH', 'grad': array([   116.24142644,  32870.97679276, -17209.14224279,   4062.50619562]), 'nit': 170, 'funcalls': 297})"bicycles,q,"(array([ 5.79131216,  0.25812904,  2.47657294, -0.82665429]), 8018.371491093569, {'warnflag': 0, 'task': 'CONVERGENCE: REL_REDUCTION_OF_F_<=_FACTR*EPSMCH', 'grad': array([-10.74085958,  -0.75970092,   5.25915311,   2.76741048]), 'nit': 67, 'funcalls': 141})",a,"(array([ 5.02919698,  1.28348631,  0.80747117,  0.66340777]), inf, {'warnflag': 2, 'task': 'ABNORMAL_TERMINATION_IN_LNSRCH', 'grad': array([  -4581.00112155, -206786.6793368 ,  116951.56572387,
        409827.45704241]), 'nit': 1, 'funcalls': 29})",c,"(array([ 5.10207273,  0.1884231 ,  3.74304932, -1.04444316]), 670902.8194817292, {'warnflag': 0, 'task': 'CONVERGENCE: REL_REDUCTION_OF_F_<=_FACTR*EPSMCH', 'grad': array([ -25.01765266, -424.04280975,  -47.36939445, -187.10270524]), 'nit': 72, 'funcalls': 137})"biology,q,"(array([ 5.03494479,  1.28257162,  0.79021453,  0.70084943]), inf, {'warnflag': 2, 'task': 'ABNORMAL_TERMINATION_IN_LNSRCH', 'grad': array([  -17320.97298373, -2006621.97894417,  1830531.21872945,
        2432538.51949703]), 'nit': 1, 'funcalls': 28})",a,"(array([ 5.02858926,  1.2820124 ,  0.79299491,  0.69770479]), inf, {'warnflag': 2, 'task': 'ABNORMAL_TERMINATION_IN_LNSRCH', 'grad': array([  -21386.43467333, -3446888.76066357,  3126293.16467792,
        4193479.91410177]), 'nit': 1, 'funcalls': 28})",c,"(array([ 4.79844166,  0.95596344,  1.2666704 ,  0.13856462]), 621916.9019883402, {'warnflag': 0, 'task': 'CONVERGENCE: REL_REDUCTION_OF_F_<=_FACTR*EPSMCH', 'grad': array([   10336.58627421,  2879946.09680027,  -993378.39055806,
       -3331274.32968467]), 'nit': 35, 'funcalls': 58})"bitcoin,q,"(array([ 5.04296542,  1.29223585,  0.78106101,  0.69333378]), nan, {'warnflag': 2, 'task': 'ABNORMAL_TERMINATION_IN_LNSRCH', 'grad': array([  -5323.51550646, -507123.95459414,  469381.19921833,
        611790.64796306]), 'nit': 1, 'funcalls': 29})",a,"(array([ 5.03093971,  1.29001671,  0.78731814,  0.68823404]), inf, {'warnflag': 2, 'task': 'ABNORMAL_TERMINATION_IN_LNSRCH', 'grad': array([   -4965.63734487,  -828375.48106909,   756422.82608896,
        1007674.83236268]), 'nit': 1, 'funcalls': 29})",c,"(array([ 5.02155418,  1.29319499,  0.78901792,  0.67824518]), inf, {'warnflag': 2, 'task': 'ABNORMAL_TERMINATION_IN_LNSRCH', 'grad': array([   -26668.04939508,  -9623895.21300793,   8719256.38057292,
        11804207.46095479]), 'nit': 1, 'funcalls': 29})"blender,q,"(array([ 5.01867547,  1.33648893,  0.76264964,  0.62397085]), nan, {'warnflag': 2, 'task': 'ABNORMAL_TERMINATION_IN_LNSRCH', 'grad': array([  -2243.0493118 , -466858.91829839,  431748.84704058,
        578824.12074832]), 'nit': 1, 'funcalls': 29})",a,"(array([-12.80172043,   0.22392066,  -0.80559059,  -0.43199966]), nan, {'warnflag': 2, 'task': 'ABNORMAL_TERMINATION_IN_LNSRCH', 'grad': array([ -1.79740891e+02,  -2.92065683e+05,   1.05831296e+05,
        -2.79272852e+04]), 'nit': 280, 'funcalls': 507})",c,"(array([ 5.00588751,  1.33644075,  0.76745066,  0.6164406 ]), inf, {'warnflag': 2, 'task': 'ABNORMAL_TERMINATION_IN_LNSRCH', 'grad': array([ -8.15175008e+03,  -7.67381036e+06,   7.05994326e+06,
         9.50973345e+06]), 'nit': 1, 'funcalls': 29})"boardgames,q,"(array([ 5.04985745,  1.280348  ,  0.79369419,  0.69828888]), nan, {'warnflag': 2, 'task': 'ABNORMAL_TERMINATION_IN_LNSRCH', 'grad': array([ -1471.80217027, -42461.25445206,  33938.04709049,  60422.9135206 ]), 'nit': 1, 'funcalls': 28})",a,"(array([-0.55525846,  0.26064825, -0.53894214, -0.43885022]), nan, {'warnflag': 2, 'task': 'ABNORMAL_TERMINATION_IN_LNSRCH', 'grad': array([  -1307.46047944, -912299.54341543,  145254.38236888,
         71778.63371908]), 'nit': 184, 'funcalls': 286})",c,"(array([ 5.03056346,  1.29172689,  0.80349945,  0.65529123]), inf, {'warnflag': 2, 'task': 'ABNORMAL_TERMINATION_IN_LNSRCH', 'grad': array([   -43426.11064203,  -8666680.57860807,   7440679.9976714 ,
        11152701.94131881]), 'nit': 1, 'funcalls': 29})"buddhism,q,"(array([ 4.66903267,  0.08043142, -0.78874573,  0.50841273]), nan, {'warnflag': 2, 'task': 'ABNORMAL_TERMINATION_IN_LNSRCH', 'grad': array([ -1.78765731e+00,  -1.85818673e+03,   9.28544699e+02,
        -1.71314770e+02]), 'nit': 197, 'funcalls': 300})",a,"(array([  5.14169145,   6.89779313,   0.10044469,  18.50005592]), 696.3867253677492, {'warnflag': 0, 'task': 'CONVERGENCE: REL_REDUCTION_OF_F_<=_FACTR*EPSMCH', 'grad': array([   0.72295734,    2.4246674 , -292.69810966,   -1.60682703]), 'nit': 93, 'funcalls': 148})",c,"(array([-163.34752086,    0.18144169,   -0.50450743,    1.76307599]), nan, {'warnflag': 2, 'task': 'ABNORMAL_TERMINATION_IN_LNSRCH', 'grad': array([ -1.52557732e+01,  -5.28537225e+04,   4.99409865e+04,
        -5.53359093e+03]), 'nit': 249, 'funcalls': 384})"chemistry,q,"(array([ 5.05420413,  1.32547627,  0.75328071,  0.66291924]), inf, {'warnflag': 2, 'task': 'ABNORMAL_TERMINATION_IN_LNSRCH', 'grad': array([   -8450.76137921,  -891318.82850779,   850463.01974216,
        1074663.59913815]), 'nit': 1, 'funcalls': 30})",a,"(array([ 5.05011669,  1.32609387,  0.75436475,  0.65981058]), inf, {'warnflag': 2, 'task': 'ABNORMAL_TERMINATION_IN_LNSRCH', 'grad': array([  -13421.34200968, -1940134.29572806,  1845135.95013414,
        2345851.06663872]), 'nit': 1, 'funcalls': 30})",c,"(array([ 5.03914   ,  1.33298016,  0.75484168,  0.64389232]), inf, {'warnflag': 2, 'task': 'ABNORMAL_TERMINATION_IN_LNSRCH', 'grad': array([   -50239.68406022, -18582043.00515354,  17553268.37301254,
        22646128.57252359]), 'nit': 1, 'funcalls': 30})"chess,q,"(array([  60.53194578,  264.51640922,   42.08831965,    1.58168247]), 269.36461494843604, {'warnflag': 0, 'task': 'CONVERGENCE: REL_REDUCTION_OF_F_<=_FACTR*EPSMCH', 'grad': array([  3.77440301e-03,  -6.82121026e-05,   6.02540240e-04,
         1.19371180e-04]), 'nit': 272, 'funcalls': 428})",a,"(array([ 104.3668236 ,    7.44825368,   17.70704851,    0.5647976 ]), 2478.0846084235827, {'warnflag': 0, 'task': 'CONVERGENCE: REL_REDUCTION_OF_F_<=_FACTR*EPSMCH', 'grad': array([-0.57480065, -0.14856596, -0.24283509, -0.05265974]), 'nit': 136, 'funcalls': 219})",c,"(array([ 5.07773441,  0.12028792,  3.51307115, -1.24433263]), 12282.724452236364, {'warnflag': 0, 'task': 'CONVERGENCE: REL_REDUCTION_OF_F_<=_FACTR*EPSMCH', 'grad': array([ 3.22161213,  0.28539944,  2.27919372,  5.64050424]), 'nit': 31, 'funcalls': 52})"chinese,q,"(array([ 5.14733028,  0.64685052,  1.51481277, -0.2432696 ]), nan, {'warnflag': 2, 'task': 'ABNORMAL_TERMINATION_IN_LNSRCH', 'grad': array([ -168.79821487, -3257.11080222,   108.90225894,  6269.91040917]), 'nit': 8, 'funcalls': 61})",a,"(array([ 190.97820976,  113.46661716,   75.61375093,    0.79641714]), 8658.477818006515, {'warnflag': 0, 'task': 'CONVERGENCE: REL_REDUCTION_OF_F_<=_FACTR*EPSMCH', 'grad': array([  -1.7515049 ,   -1.39843905,   10.51885192,  354.05864764]), 'nit': 225, 'funcalls': 356})",c,"(array([  1.27963792e+03,  -5.74531692e+03,   3.20641827e+02,
         6.58025216e-01]), 37892.90770686644, {'warnflag': 0, 'task': 'CONVERGENCE: REL_REDUCTION_OF_F_<=_FACTR*EPSMCH', 'grad': array([ 1.39843905,  0.02255547,  3.76167009,  3.55794327]), 'nit': 588, 'funcalls': 809})"christianity,q,"(array([ 5.03091766,  1.2689006 ,  0.80425633,  0.70823723]), inf, {'warnflag': 2, 'task': 'ABNORMAL_TERMINATION_IN_LNSRCH', 'grad': array([  -4173.25973103, -410030.12811416,  367676.26625078,
        497555.43077481]), 'nit': 1, 'funcalls': 28})",a,"(array([ 4.80303226,  4.01235433,  0.27584354,  4.8601157 ]), 73477.56737556767, {'warnflag': 0, 'task': 'CONVERGENCE: REL_REDUCTION_OF_F_<=_FACTR*EPSMCH', 'grad': array([ -134.45387594,   457.11640269, -8054.10963949,  -495.9438229 ]), 'nit': 103, 'funcalls': 167})",c,"(array([ 5.00702987,  1.28730282,  0.80002809,  0.67368581]), inf, {'warnflag': 2, 'task': 'ABNORMAL_TERMINATION_IN_LNSRCH', 'grad': array([ -2.39862362e+04,  -2.30660681e+07,   2.05881851e+07,
         2.83490920e+07]), 'nit': 1, 'funcalls': 29})"codegolf,q,"(array([ 4.95258343,  0.24151416, -0.43460953,  0.93108497]), nan, {'warnflag': 2, 'task': 'ABNORMAL_TERMINATION_IN_LNSRCH', 'grad': array([  1.21517587e+00,  -2.80287009e+03,   2.21211421e+03,
        -2.56656949e+02]), 'nit': 177, 'funcalls': 280})",a,"(array([ 24.81760361,   1.64163343,   0.15708222,   3.61752621]), nan, {'warnflag': 2, 'task': 'ABNORMAL_TERMINATION_IN_LNSRCH', 'grad': array([ -3.35375080e+02,  -1.70191930e+05,   1.10617707e+06,
         4.48746141e+04]), 'nit': 111, 'funcalls': 216})",c,"(array([  4.98555595,   7.30875879,   0.10410156,  19.83867789]), 3882351.871590238, {'warnflag': 0, 'task': 'CONVERGENCE: REL_REDUCTION_OF_F_<=_FACTR*EPSMCH', 'grad': array([  1.80150382e+03,   1.61247328e+04,  -2.21064421e+06,
        -1.16720796e+04]), 'nit': 88, 'funcalls': 157})"codereview,q,"(array([ 8.57693291,  2.06294775,  0.36808096,  2.05296609]), 408162.0142824163, {'warnflag': 0, 'task': 'CONVERGENCE: REL_REDUCTION_OF_F_<=_FACTR*EPSMCH', 'grad': array([ 122.084748  ,  349.89789128, -888.28383014, -717.04853326]), 'nit': 88, 'funcalls': 129})",a,"(array([ 12.4744747 ,   4.71414134,   0.14863467,  10.06670824]), nan, {'warnflag': 2, 'task': 'ABNORMAL_TERMINATION_IN_LNSRCH', 'grad': array([  53.92357707,  243.1217581 ,  277.67382562, -155.81026673]), 'nit': 183, 'funcalls': 395})",c,"(array([ 7.42443176,  0.03981512, -0.98015508, -2.98071308]), 16065199.942230824, {'warnflag': 0, 'task': 'CONVERGENCE: REL_REDUCTION_OF_F_<=_FACTR*EPSMCH', 'grad': array([ -1.86566263e+04,  -2.90240236e+07,  -7.68429786e+05,
         1.36389881e+06]), 'nit': 377, 'funcalls': 579})"cogsci,q,"(array([ 59.24919663,  76.43959242,   0.6571825 ,  10.2587006 ]), 3235.448287667499, {'warnflag': 0, 'task': 'CONVERGENCE: REL_REDUCTION_OF_F_<=_FACTR*EPSMCH', 'grad': array([   3.27609087,    0.88580236, -450.39532779,  -35.98629519]), 'nit': 397, 'funcalls': 592})",a,"(array([ 5.07950638,  1.33124547,  0.75788241,  0.62481645]), nan, {'warnflag': 2, 'task': 'ABNORMAL_TERMINATION_IN_LNSRCH', 'grad': array([ -1885.61025425,  -8762.56890479,   3564.08490916,  24718.09639246]), 'nit': 1, 'funcalls': 29})",c,"(array([ 5.45923544,  0.13130689,  3.30969209, -1.20005999]), 128403.44034281158, {'warnflag': 0, 'task': 'CONVERGENCE: REL_REDUCTION_OF_F_<=_FACTR*EPSMCH', 'grad': array([  12.32110662,  128.60691641,  -72.14111974, -149.63152353]), 'nit': 32, 'funcalls': 62})"cooking,q,"(array([ 12.33370358,  33.20662702,   0.18797488,  19.75131277]), 32912.67287083669, {'warnflag': 0, 'task': 'CONVERGENCE: REL_REDUCTION_OF_F_<=_FACTR*EPSMCH', 'grad': array([  1.53919245e+02,   2.63343245e+03,  -1.52720024e+06,
        -1.50629632e+04]), 'nit': 111, 'funcalls': 179})",a,"(array([ 5.00897627,  1.25417442,  0.82431104,  0.70937203]), inf, {'warnflag': 2, 'task': 'ABNORMAL_TERMINATION_IN_LNSRCH', 'grad': array([   -56610.50090566, -15451310.73798984,  13404115.53392187,
        18986913.58510405]), 'nit': 1, 'funcalls': 28})",c,"(array([ 5.00603272,  1.2637776 ,  0.81599214,  0.70144604]), inf, {'warnflag': 2, 'task': 'ABNORMAL_TERMINATION_IN_LNSRCH', 'grad': array([ -1.44640775e+05,  -8.79902751e+07,   7.70183718e+07,
         1.08305165e+08]), 'nit': 1, 'funcalls': 28})"craftcms,q,"(array([ 19.56080296,  24.06179239,   0.16815232,  20.48677437]), 3526.8568612578183, {'warnflag': 0, 'task': 'CONVERGENCE: REL_REDUCTION_OF_F_<=_FACTR*EPSMCH', 'grad': array([ -6.73480827e-01,   8.05267518e+01,  -3.56387264e+04,
        -3.01151704e+02]), 'nit': 84, 'funcalls': 126})",a,"(array([  3.73432845e+01,   2.10047108e+02,   4.04868896e-02,
         1.38789060e+02]), nan, {'warnflag': 2, 'task': 'ABNORMAL_TERMINATION_IN_LNSRCH', 'grad': array([ -2.16466105e+01,  -1.44225851e+01,   4.07074049e+05,
         1.20230379e+02]), 'nit': 146, 'funcalls': 264})",c,"(array([  603.01001536,  1627.39071691,    15.26271527,     8.06428218]), 30107.000553549722, {'warnflag': 0, 'task': 'CONVERGENCE: REL_REDUCTION_OF_F_<=_FACTR*EPSMCH', 'grad': array([ 0.04001777,  0.        , -0.0007276 , -0.00181899]), 'nit': 187, 'funcalls': 314})"crypto,q,"(array([ 5.05047659,  1.29611696,  0.77544795,  0.69351068]), nan, {'warnflag': 2, 'task': 'ABNORMAL_TERMINATION_IN_LNSRCH', 'grad': array([  -6126.6902776 , -428628.94297286,  399823.27980397,
        515819.46972874]), 'nit': 1, 'funcalls': 29})",a,"(array([ 5.03686548,  1.29034657,  0.78560131,  0.69045374]), inf, {'warnflag': 2, 'task': 'ABNORMAL_TERMINATION_IN_LNSRCH', 'grad': array([  -1587.26979862, -129500.9671594 ,  118752.18624482,
        157118.15503892]), 'nit': 1, 'funcalls': 29})",c,"(array([  5.01445925e+01,   1.01427205e+00,   1.33693421e-02,
         4.88337911e+00]), 597966.4775917178, {'warnflag': 0, 'task': 'CONVERGENCE: REL_REDUCTION_OF_F_<=_FACTR*EPSMCH', 'grad': array([ -2.15950422e+01,  -2.74375314e+04,   1.60506915e+05,
         7.43218698e+02]), 'nit': 228, 'funcalls': 339})"cs,q,"(array([ 25.17425637,   0.28954809,  33.21362689,  -0.88828088]), 50643.534950126385, {'warnflag': 0, 'task': 'CONVERGENCE: REL_REDUCTION_OF_F_<=_FACTR*EPSMCH', 'grad': array([   -9.57734301, -1110.1445125 ,     1.40498742,  1026.75257949]), 'nit': 366, 'funcalls': 525})",a,"(array([ 5.01936316,  1.2788816 ,  0.8010494 ,  0.69165744]), inf, {'warnflag': 2, 'task': 'ABNORMAL_TERMINATION_IN_LNSRCH', 'grad': array([  -30950.18328167, -5506364.55882341,  4920160.03117897,
        6753812.98060529]), 'nit': 1, 'funcalls': 28})",c,"(array([ 5.07926237,  1.42271725,  0.55250735,  1.01121783]), 782394.8777847567, {'warnflag': 0, 'task': 'CONVERGENCE: REL_REDUCTION_OF_F_<=_FACTR*EPSMCH', 'grad': array([  -641.27380028, -16404.56030145,  24631.17707521,  17677.14275047]), 'nit': 92, 'funcalls': 147})"cstheory,q,"(array([ 15.853145  ,  13.30819001,   0.19820307,  14.20647593]), 9525.576612958206, {'warnflag': 0, 'task': 'CONVERGENCE: REL_REDUCTION_OF_F_<=_FACTR*EPSMCH', 'grad': array([  2.13549356e-01,   2.30011210e+00,  -3.76538810e+02,
        -5.36001608e+00]), 'nit': 91, 'funcalls': 148})",a,"(array([ 5.01085588,  1.23698766,  0.8349968 ,  0.73190162]), nan, {'warnflag': 2, 'task': 'ABNORMAL_TERMINATION_IN_LNSRCH', 'grad': array([  -5816.25645282, -228316.82144897,  205775.44928528,
        262751.87992724]), 'nit': 1, 'funcalls': 48})",c,"(array([  8.64159984,  17.8278189 ,   0.2322193 ,  12.93041307]), 881758.7885441436, {'warnflag': 0, 'task': 'CONVERGENCE: REL_REDUCTION_OF_F_<=_FACTR*EPSMCH', 'grad': array([   -5959.40509811,   -26513.46148923,  5349333.06043968,
          98772.14906737]), 'nit': 83, 'funcalls': 142})"datascience,q,"(array([ -6.23270714e+02,   1.68054069e+01,   2.19151482e+00,
         3.69824410e-01]), 206.6271129583584, {'warnflag': 0, 'task': 'CONVERGENCE: REL_REDUCTION_OF_F_<=_FACTR*EPSMCH', 'grad': array([  1.12890044e+02,   4.67501214e+03,  -2.41922266e+04,
        -1.20000035e+05]), 'nit': 210, 'funcalls': 362})",a,"(array([  6.38909613e+01,   3.99229448e-02,  -4.48660463e-01,
         3.02405133e+00]), 944.60249990291, {'warnflag': 0, 'task': 'CONVERGENCE: REL_REDUCTION_OF_F_<=_FACTR*EPSMCH', 'grad': array([ -9.41327016e-03,  -1.03078946e+01,   2.95617610e+00,
        -2.36548203e-01]), 'nit': 241, 'funcalls': 327})",c,"(array([ 5.0024032 ,  1.3387619 ,  0.334428  ,  1.41441866]), nan, {'warnflag': 2, 'task': 'ABNORMAL_TERMINATION_IN_LNSRCH', 'grad': array([   -55.33443073,  -7772.22235229,  15864.44786881,   5448.65415577]), 'nit': 16, 'funcalls': 63})"dba,q,"(array([  8.23345435e+01,   3.93127582e-02,   7.09161275e+01,
        -1.36280925e+00]), 205561.0538685941, {'warnflag': 0, 'task': 'CONVERGENCE: REL_REDUCTION_OF_F_<=_FACTR*EPSMCH', 'grad': array([ -7.65430741e-01,  -8.07356846e+03,  -1.97906047e+00,
         1.66412501e+03]), 'nit': 157, 'funcalls': 240})",a,"(array([ 5.02296521,  1.2909171 ,  0.79093222,  0.68089882]), inf, {'warnflag': 2, 'task': 'ABNORMAL_TERMINATION_IN_LNSRCH', 'grad': array([ -2.73358636e+05,  -8.39093881e+07,   7.58585439e+07,
         1.02871282e+08]), 'nit': 1, 'funcalls': 29})",c,"(array([ 5.02054332,  1.31668122,  0.77478784,  0.64896812]), inf, {'warnflag': 2, 'task': 'ABNORMAL_TERMINATION_IN_LNSRCH', 'grad': array([ -8.13389197e+05,  -6.16642060e+08,   5.65816420e+08,
         7.59109512e+08]), 'nit': 1, 'funcalls': 30})"diy,q,"(array([ 5.03920773,  1.29509445,  0.78061585,  0.68781848]), inf, {'warnflag': 2, 'task': 'ABNORMAL_TERMINATION_IN_LNSRCH', 'grad': array([   -8215.9836893 , -1860414.74516969,  1711711.28458809,
        2262208.16985006]), 'nit': 1, 'funcalls': 29})",a,"(array([-20.31032167,  15.94749915,   0.24128762,  11.56897068]), 227501.34170874872, {'warnflag': 0, 'task': 'CONVERGENCE: REL_REDUCTION_OF_F_<=_FACTR*EPSMCH', 'grad': array([  1.88350095e+03,   5.39702713e+04,  -8.64306181e+06,
        -1.86308281e+05]), 'nit': 172, 'funcalls': 324})",c,"(array([ 5.01693365,  1.29499874,  0.78900483,  0.67510288]), inf, {'warnflag': 2, 'task': 'ABNORMAL_TERMINATION_IN_LNSRCH', 'grad': array([ -1.74151501e+05,  -1.22729751e+08,   1.11212809e+08,
         1.50468819e+08]), 'nit': 1, 'funcalls': 29})"drupal,q,"(array([ 5.01287783,  1.29439744,  0.78829933,  0.67771951]), inf, {'warnflag': 2, 'task': 'ABNORMAL_TERMINATION_IN_LNSRCH', 'grad': array([   -79005.77038527, -42950457.00855553,  39104777.50468999,
        52381418.10987145]), 'nit': 1, 'funcalls': 29})",a,"(array([ 5.00888886,  1.29179376,  0.7919418 ,  0.6776809 ]), inf, {'warnflag': 2, 'task': 'ABNORMAL_TERMINATION_IN_LNSRCH', 'grad': array([   -53523.29462767, -36330644.73979175,  32927719.457075  ,
        44343094.15519238]), 'nit': 1, 'funcalls': 29})",c,"(array([ 5.00762362,  1.29811388,  0.78957592,  0.66740078]), inf, {'warnflag': 2, 'task': 'ABNORMAL_TERMINATION_IN_LNSRCH', 'grad': array([ -3.23048607e+05,  -4.07537036e+08,   3.68782733e+08,
         5.00153636e+08]), 'nit': 1, 'funcalls': 29})"dsp,q,"(array([ 5.04646914,  1.29651812,  0.77469751,  0.6931109 ]), inf, {'warnflag': 2, 'task': 'ABNORMAL_TERMINATION_IN_LNSRCH', 'grad': array([  -5769.52661504, -426405.90509109,  399679.42066141,
        511173.36697644]), 'nit': 1, 'funcalls': 29})",a,"(array([ 5.03503298,  1.29179347,  0.78207732,  0.69150829]), inf, {'warnflag': 2, 'task': 'ABNORMAL_TERMINATION_IN_LNSRCH', 'grad': array([  -4485.73046015, -408140.81730787,  378118.25604877,
        492684.17715211]), 'nit': 1, 'funcalls': 29})",c,"(array([ 5.01681507,  1.29682374,  0.78387199,  0.67673212]), inf, {'warnflag': 2, 'task': 'ABNORMAL_TERMINATION_IN_LNSRCH', 'grad': array([   -28852.54798457,  -8872470.41100636,   8128109.79550704,
        10826077.41700485]), 'nit': 1, 'funcalls': 29})"earthscience,q,"(array([ 4.98326196,  0.69347428,  1.29360208,  0.01527338]), 2.2722412156437645e-10, {'warnflag': 0, 'task': 'CONVERGENCE: REL_REDUCTION_OF_F_<=_FACTR*EPSMCH', 'grad': array([ -3.67308127e-06,  -9.26482385e-05,   7.78259694e-05,
         1.44981105e-04]), 'nit': 21, 'funcalls': 26})",a,"(array([ 5.00762952,  1.27439383,  0.78420441,  0.71459463]), nan, {'warnflag': 2, 'task': 'ABNORMAL_TERMINATION_IN_LNSRCH', 'grad': array([  -74.33817473, -4733.86386375,  4503.35608093,  5811.60411457]), 'nit': 1, 'funcalls': 43})",c,"(array([ 5.00220634,  1.27364057,  0.78597892,  0.71501487]), nan, {'warnflag': 2, 'task': 'ABNORMAL_TERMINATION_IN_LNSRCH', 'grad': array([  -253.68499337, -55518.84623856,  52558.40987957,  68050.30661781]), 'nit': 1, 'funcalls': 43})"electronics,q,"(array([ 22.96594309,   4.06614535,   0.35715819,   3.85947051]), 1131349.0995042, {'warnflag': 0, 'task': 'CONVERGENCE: REL_REDUCTION_OF_F_<=_FACTR*EPSMCH', 'grad': array([   44.26110536,   527.26827562, -5806.54013902,  -967.06207842]), 'nit': 50, 'funcalls': 82})",a,"(array([  1.21031045e+02,   1.19581984e-01,   3.17966758e+02,
        -1.08425426e+00]), 3046553.892274991, {'warnflag': 0, 'task': 'CONVERGENCE: REL_REDUCTION_OF_F_<=_FACTR*EPSMCH', 'grad': array([  1.25728548e+00,   1.60667580e+04,   5.12227416e-01,
        -8.70027579e+03]), 'nit': 198, 'funcalls': 289})",c,"(array([ 5.04554758,  1.33589597,  0.74896288,  0.64627451]), inf, {'warnflag': 2, 'task': 'ABNORMAL_TERMINATION_IN_LNSRCH', 'grad': array([ -4.20064032e+06,  -2.42220794e+09,   2.30894056e+09,
         2.94144971e+09]), 'nit': 1, 'funcalls': 30})"ell,q,"(array([ 31.41340278,  49.49879468,   0.25544716,  16.20716595]), 76310.59131407068, {'warnflag': 0, 'task': 'CONVERGENCE: REL_REDUCTION_OF_F_<=_FACTR*EPSMCH', 'grad': array([  2.29279976e+01,   2.11477163e+02,  -1.42879121e+05,
        -2.38177599e+03]), 'nit': 450, 'funcalls': 792})",a,"(array([ 5.00953915,  1.3231655 ,  0.77657962,  0.63148194]), inf, {'warnflag': 2, 'task': 'ABNORMAL_TERMINATION_IN_LNSRCH', 'grad': array([   -8430.75104058, -4773019.3764437 ,  4340816.09128043,
        5932389.89822567]), 'nit': 1, 'funcalls': 30})",c,"(array([ 5.00383234,  1.32737562,  0.77557729,  0.62392256]), 3560979.901410386, {'warnflag': 0, 'task': 'CONVERGENCE: REL_REDUCTION_OF_F_<=_FACTR*EPSMCH', 'grad': array([-2809.70707536,   633.11308622,  2363.32416534,  -866.40939116]), 'nit': 6, 'funcalls': 16})"emacs,q,"(array([ 5.00009602,  1.01682078,  0.98732858,  0.98243749]), 2.1299421748374006e-14, {'warnflag': 0, 'task': 'CONVERGENCE: REL_REDUCTION_OF_F_<=_FACTR*EPSMCH', 'grad': array([  2.11395044e-07,   1.99096156e-04,   6.57582019e-05,
         1.41899050e-04]), 'nit': 4, 'funcalls': 7})",a,"(array([ 4.99983471,  0.95607097,  1.03278724,  1.04806633]), 2.533906031535727e-14, {'warnflag': 0, 'task': 'CONVERGENCE: REL_REDUCTION_OF_F_<=_FACTR*EPSMCH', 'grad': array([  2.30118201e-07,   3.32602053e-04,   1.03847442e-04,
         2.43784532e-04]), 'nit': 6, 'funcalls': 8})",c,"(array([ 4.99995334,  0.96221166,  1.02877039,  1.04023189]), 3.264297842997898e-18, {'warnflag': 0, 'task': 'CONVERGENCE: REL_REDUCTION_OF_F_<=_FACTR*EPSMCH', 'grad': array([  7.55512164e-09,   2.69364651e-03,   1.43276615e-03,
         2.77485136e-03]), 'nit': 6, 'funcalls': 15})"english,q,"(array([ 5.02094877,  1.30249374,  0.78044402,  0.67181891]), inf, {'warnflag': 2, 'task': 'ABNORMAL_TERMINATION_IN_LNSRCH', 'grad': array([ -2.08739680e+05,  -8.54505777e+07,   7.84858635e+07,
         1.04226166e+08]), 'nit': 1, 'funcalls': 29})",a,"(array([  9.83394131,  11.4319259 ,   0.17396908,  14.06875992]), 15291802.702409765, {'warnflag': 0, 'task': 'CONVERGENCE: REL_REDUCTION_OF_F_<=_FACTR*EPSMCH', 'grad': array([ -1.14248879e+05,  -8.41723364e+06,   1.23531755e+09,
         1.54385881e+07]), 'nit': 154, 'funcalls': 221})",c,"(array([  2.21593073e+02,   1.74284965e+03,   4.21327619e-02,
         1.80120173e+02]), 1231142632.5920486, {'warnflag': 2, 'task': 'ABNORMAL_TERMINATION_IN_LNSRCH', 'grad': array([  1.67757273e+04,   5.54129481e+04,  -1.66433946e+10,
        -3.98619622e+06]), 'nit': 361, 'funcalls': 591})"expatriates,q,"(array([  5.41036952e+01,   5.07873587e-04,   1.00525461e+02,
        -1.57537045e+00]), 6.243629070107734, {'warnflag': 0, 'task': 'CONVERGENCE: REL_REDUCTION_OF_F_<=_FACTR*EPSMCH', 'grad': array([ -1.39066536e-02,   4.78825513e-01,   1.74349424e-04,
         3.21216831e-02]), 'nit': 316, 'funcalls': 570})",a,"(array([  5.04257100e+01,   4.85724541e+03,   3.09002364e+03,
         4.81705409e-01]), 67.6300611454701, {'warnflag': 0, 'task': 'CONVERGENCE: REL_REDUCTION_OF_F_<=_FACTR*EPSMCH', 'grad': array([  4.57589522e-04,  -1.42108547e-06,  -8.52651283e-06,
         5.12130782e-02]), 'nit': 212, 'funcalls': 339})",c,"(array([  1.37441896e+02,   4.43283440e+03,   3.31730945e+03,
         4.27447136e-01]), 927.3154912526647, {'warnflag': 0, 'task': 'CONVERGENCE: REL_REDUCTION_OF_F_<=_FACTR*EPSMCH', 'grad': array([ -7.22138793e-02,  -1.02318154e-03,   2.02362571e-03,
         4.05527999e+01]), 'nit': 125, 'funcalls': 197})"expressionengine,q,"(array([-62.71537081,   6.64810909,   0.2803785 ,   6.08400272]), nan, {'warnflag': 2, 'task': 'ABNORMAL_TERMINATION_IN_LNSRCH', 'grad': array([ -7.24401616e+01,  -4.71593230e+03,   1.75747525e+05,
         8.21065987e+03]), 'nit': 100, 'funcalls': 207})",a,"(array([-19.44828689,   4.72499197,   0.39930875,   3.85554442]), inf, {'warnflag': 2, 'task': 'ABNORMAL_TERMINATION_IN_LNSRCH', 'grad': array([ -1.45291415e+03,  -1.55138927e+05,   2.44037384e+06,
         2.87254489e+05]), 'nit': 77, 'funcalls': 174})",c,"(array([ 4.99705939,  3.14099288,  0.31726198,  3.65884604]), 400977.26601523045, {'warnflag': 0, 'task': 'CONVERGENCE: REL_REDUCTION_OF_F_<=_FACTR*EPSMCH', 'grad': array([ 1126.4521163 ,  -151.10708773,  1224.15949591,   155.93832359]), 'nit': 48, 'funcalls': 77})"fitness,q,"(array([ 6.43280313,  5.3569103 ,  0.30309157,  5.71670147]), 4493.141007788284, {'warnflag': 0, 'task': 'CONVERGENCE: REL_REDUCTION_OF_F_<=_FACTR*EPSMCH', 'grad': array([   3.25253495,   17.57316568, -474.56196626,  -26.86610969]), 'nit': 93, 'funcalls': 147})",a,"(array([ 5.01957475,  1.25751805,  0.81560406,  0.71609537]), inf, {'warnflag': 2, 'task': 'ABNORMAL_TERMINATION_IN_LNSRCH', 'grad': array([  -11082.02632167, -1329956.11420483,  1171351.52031551,
        1624020.13229439]), 'nit': 1, 'funcalls': 28})",c,"(array([ 5.01532053,  1.27536732,  0.8050977 ,  0.69290779]), inf, {'warnflag': 2, 'task': 'ABNORMAL_TERMINATION_IN_LNSRCH', 'grad': array([  -16316.99851714, -5400361.1963708 ,  4792532.10942261,
        6639679.55042608]), 'nit': 1, 'funcalls': 28})"french,q,"(array([ 6.02890064,  0.17631383,  3.42171111, -1.01601059]), 2441.0345518491044, {'warnflag': 0, 'task': 'CONVERGENCE: REL_REDUCTION_OF_F_<=_FACTR*EPSMCH', 'grad': array([ 1.0169515 , -1.81439646, -0.01173248,  1.19962351]), 'nit': 30, 'funcalls': 46})",a,"(array([ 5.18917452,  0.2228852 ,  0.09344266, -0.85355998]), 8382.34333015044, {'warnflag': 0, 'task': 'CONVERGENCE: REL_REDUCTION_OF_F_<=_FACTR*EPSMCH', 'grad': array([    20.76285455,  17561.09104463,   -234.7453119 ,  -3723.87858079]), 'nit': 37, 'funcalls': 87})",c,"(array([ 5.06874283,  0.244639  ,  2.54797022, -0.85577432]), 41604.94680586241, {'warnflag': 0, 'task': 'CONVERGENCE: REL_REDUCTION_OF_F_<=_FACTR*EPSMCH', 'grad': array([-18.53550202, -15.15873009,  44.35059964,  60.91577234]), 'nit': 24, 'funcalls': 42})"gamedev,q,"(array([ 5.0320905 ,  1.29586329,  0.78222409,  0.68350856]), inf, {'warnflag': 2, 'task': 'ABNORMAL_TERMINATION_IN_LNSRCH', 'grad': array([   -49730.64060323, -10841233.12612064,   9955273.02729897,
        13191430.19500189]), 'nit': 1, 'funcalls': 29})",a,"(array([ 5.46187514,  0.08968856,  9.055219  , -1.32028072]), 618439.2765655359, {'warnflag': 0, 'task': 'CONVERGENCE: REL_REDUCTION_OF_F_<=_FACTR*EPSMCH', 'grad': array([ -2.17650086e+02,  -6.83062931e+05,  -1.63939549e+03,
         1.53464056e+05]), 'nit': 232, 'funcalls': 363})",c,"(array([ 5.00935283,  1.29329958,  0.79416215,  0.67050557]), inf, {'warnflag': 2, 'task': 'ABNORMAL_TERMINATION_IN_LNSRCH', 'grad': array([ -2.97689624e+05,  -2.91954628e+08,   2.62251060e+08,
         3.59448243e+08]), 'nit': 1, 'funcalls': 29})"gaming,q,"(array([ 5.02072156,  1.29409383,  0.78892948,  0.67696985]), inf, {'warnflag': 2, 'task': 'ABNORMAL_TERMINATION_IN_LNSRCH', 'grad': array([   -98032.36462176, -44790824.1301775 ,  40565560.80467999,
        54961001.73331797]), 'nit': 1, 'funcalls': 29})",a,"(array([ 5.01330654,  1.29272053,  0.79364582,  0.67257804]), inf, {'warnflag': 2, 'task': 'ABNORMAL_TERMINATION_IN_LNSRCH', 'grad': array([ -1.58610195e+05,  -1.20727525e+08,   1.08360643e+08,
         1.48882075e+08]), 'nit': 1, 'funcalls': 29})",c,"(array([ 5.0065805 ,  1.292131  ,  0.7967032 ,  0.66932108]), inf, {'warnflag': 2, 'task': 'ABNORMAL_TERMINATION_IN_LNSRCH', 'grad': array([ -3.91488522e+05,  -6.75988372e+08,   6.04457342e+08,
         8.33954649e+08]), 'nit': 1, 'funcalls': 29})"gardening,q,"(array([ 6.82648348,  0.02144678,  4.56418557, -1.98379352]), 9711.127429016253, {'warnflag': 0, 'task': 'CONVERGENCE: REL_REDUCTION_OF_F_<=_FACTR*EPSMCH', 'grad': array([  -56.05270417, -1024.24801298,   -57.89388524,  -101.31152521]), 'nit': 69, 'funcalls': 131})",a,"(array([ 5.04832471,  1.23070601,  0.86624703,  0.65569958]), 184376.09571549733, {'warnflag': 0, 'task': 'CONVERGENCE: REL_REDUCTION_OF_F_<=_FACTR*EPSMCH', 'grad': array([ -6036.52442805,  52593.15075818, -51406.41878825, -32277.48093195]), 'nit': 3, 'funcalls': 10})",c,"(array([  7.16986875e+00,   1.50753090e-04,   1.16723518e+01,
        -3.57631500e+00]), 302354.961730454, {'warnflag': 0, 'task': 'CONVERGENCE: REL_REDUCTION_OF_F_<=_FACTR*EPSMCH', 'grad': array([ -2.84926500e+01,  -1.21438220e+08,  -3.55493394e+03,
         5.74125617e+04]), 'nit': 298, 'funcalls': 499})"german,q,"(array([ 5.05877887,  1.32553104,  0.75376302,  0.66065044]), nan, {'warnflag': 2, 'task': 'ABNORMAL_TERMINATION_IN_LNSRCH', 'grad': array([  -9440.62267081, -281330.76193626,  259790.26031564,
        369516.34683646]), 'nit': 1, 'funcalls': 30})",a,"(array([ 5.49907333,  0.30217893, -0.27057988, -0.52374438]), 148392.0169888875, {'warnflag': 0, 'task': 'CONVERGENCE: REL_REDUCTION_OF_F_<=_FACTR*EPSMCH', 'grad': array([  3.70520866e+01,   6.23393909e+05,  -5.85430360e+04,
        -1.09118331e+05]), 'nit': 53, 'funcalls': 151})",c,"(array([ 5.02545362,  1.35739324,  0.75028539,  0.59368919]), inf, {'warnflag': 2, 'task': 'ABNORMAL_TERMINATION_IN_LNSRCH', 'grad': array([  -38623.20445478, -3597500.4080683 ,  2726526.13930404,
        6551614.26402628]), 'nit': 1, 'funcalls': 29})"gis,q,"(array([ 20.65398951,   6.66594591,   0.28924059,   6.49303618]), 355122.713131352, {'warnflag': 0, 'task': 'CONVERGENCE: REL_REDUCTION_OF_F_<=_FACTR*EPSMCH', 'grad': array([  7.07688741e+01,   4.18438576e+03,  -1.55937992e+05,
        -7.33943889e+03]), 'nit': 96, 'funcalls': 155})",a,"(array([ 5.01992628,  1.29741982,  0.78568558,  0.67483849]), inf, {'warnflag': 2, 'task': 'ABNORMAL_TERMINATION_IN_LNSRCH', 'grad': array([ -2.31455360e+05,  -1.38200155e+08,   1.25863241e+08,
         1.69128643e+08]), 'nit': 1, 'funcalls': 29})",c,"(array([ 9.56812274,  3.23789863,  0.35311387,  3.17020811]), inf, {'warnflag': 2, 'task': 'ABNORMAL_TERMINATION_IN_LNSRCH', 'grad': array([ -2.25751661e+05,  -4.82487516e+07,   4.56014714e+08,
         5.87882124e+07]), 'nit': 99, 'funcalls': 192})"graphicdesign,q,"(array([ 5.04890833,  1.30213363,  0.77169764,  0.68603864]), inf, {'warnflag': 2, 'task': 'ABNORMAL_TERMINATION_IN_LNSRCH', 'grad': array([  -27229.57287915, -3676786.40322993,  3427725.43372121,
        4451640.7258925 ]), 'nit': 1, 'funcalls': 29})",a,"(array([ 5.03174512,  1.29704313,  0.78165914,  0.68176986]), inf, {'warnflag': 2, 'task': 'ABNORMAL_TERMINATION_IN_LNSRCH', 'grad': array([   -47814.31052834, -12753758.34084116,  11693342.40839817,
        15558870.66060677]), 'nit': 1, 'funcalls': 29})",c,"(array([ 1.6885938 ,  9.82690705,  0.33911767,  6.77228729]), 1715279.474137999, {'warnflag': 0, 'task': 'CONVERGENCE: REL_REDUCTION_OF_F_<=_FACTR*EPSMCH', 'grad': array([  4.42995224e+03,   2.02126219e+05,  -1.14512113e+07,
        -5.95394429e+05]), 'nit': 123, 'funcalls': 192})"hermeneutics,q,"(array([ 5.56621615,  0.2414337 ,  1.82337827, -0.84698349]), nan, {'warnflag': 2, 'task': 'ABNORMAL_TERMINATION_IN_LNSRCH', 'grad': array([  8.61177796e-02,   6.73856402e+02,   2.80285803e+00,
        -4.44780392e+02]), 'nit': 27, 'funcalls': 88})",a,"(array([ 5.09414631,  1.41661104,  0.68992582,  0.53432385]), nan, {'warnflag': 2, 'task': 'ABNORMAL_TERMINATION_IN_LNSRCH', 'grad': array([ -2260.93106903,  -9050.70992303,   1608.0091882 ,  37111.11930897]), 'nit': 1, 'funcalls': 28})",c,"(array([ 5.06265863,  1.43646862,  0.68350018,  0.488484  ]), inf, {'warnflag': 2, 'task': 'ABNORMAL_TERMINATION_IN_LNSRCH', 'grad': array([  -17646.85148373,  -855388.08489218,   678550.09692721,
        1574356.59202747]), 'nit': 1, 'funcalls': 27})"hinduism,q,"(array([  9.83141482e+00,   7.07468198e-06,   2.27495034e+01,
        -3.93193994e+00]), 60.16068335804266, {'warnflag': 0, 'task': 'CONVERGENCE: REL_REDUCTION_OF_F_<=_FACTR*EPSMCH', 'grad': array([ -3.93878565e+00,  -5.66216120e+06,  -5.45668826e+00,
         1.75938838e+02]), 'nit': 270, 'funcalls': 534})",a,"(array([  5.95712771e+00,   2.42613557e-06,   1.21395119e+01,
        -4.84814806e+00]), 538.44975600899, {'warnflag': 0, 'task': 'CONVERGENCE: REL_REDUCTION_OF_F_<=_FACTR*EPSMCH', 'grad': array([ -1.55539851e+01,  -8.47408289e+07,  -5.06188144e+01,
         8.80183950e+02]), 'nit': 189, 'funcalls': 321})",c,"(array([ -5.67693481e+02,   2.28056595e+02,   6.67878823e+01,
         5.15437808e-01]), 0.0005242365636703342, {'warnflag': 0, 'task': 'CONVERGENCE: REL_REDUCTION_OF_F_<=_FACTR*EPSMCH', 'grad': array([  1.94896740e-02,   7.11080426e-02,  -3.46813348e-01,
        -6.83158042e+01]), 'nit': 228, 'funcalls': 330})"history,q,"(array([ 5.04071591,  1.27647323,  0.79363116,  0.70647611]), nan, {'warnflag': 2, 'task': 'ABNORMAL_TERMINATION_IN_LNSRCH', 'grad': array([  -628.80199039, -27532.81523837,  24702.73784638,  34547.98152234]), 'nit': 1, 'funcalls': 47})",a,"(array([ 5.03259073,  1.28072719,  0.7936043 ,  0.69655301]), inf, {'warnflag': 2, 'task': 'ABNORMAL_TERMINATION_IN_LNSRCH', 'grad': array([  -15396.24718134, -1452988.89328842,  1314290.4790584 ,
        1776237.48604674]), 'nit': 1, 'funcalls': 28})",c,"(array([ 5.50397365,  0.01125812,  6.99749583, -2.26539641]), 543152.9040762909, {'warnflag': 0, 'task': 'CONVERGENCE: REL_REDUCTION_OF_F_<=_FACTR*EPSMCH', 'grad': array([ -4.64415643e+02,  -3.75104938e+06,  -5.43338247e+03,
         9.96804913e+04]), 'nit': 325, 'funcalls': 480})"homebrew,q,"(array([ 56.31494576,   1.77126258,  25.20056649,   0.42729425]), 2350.9370886680317, {'warnflag': 0, 'task': 'CONVERGENCE: REL_REDUCTION_OF_F_<=_FACTR*EPSMCH', 'grad': array([ -10.08197614,  -21.73433131,    2.33139872,  120.49358702]), 'nit': 155, 'funcalls': 246})",a,"(array([ 13.92083761,   0.1215954 ,  -0.84424041,  -1.25716213]), nan, {'warnflag': 2, 'task': 'ABNORMAL_TERMINATION_IN_LNSRCH', 'grad': array([   -251.70083973,  156604.48043491,    1430.993143  ,
        -24107.99497738]), 'nit': 87, 'funcalls': 154})",c,"(array([ 5.17799417,  0.16456502,  3.74152823, -1.06267646]), 48763.16448493465, {'warnflag': 0, 'task': 'CONVERGENCE: REL_REDUCTION_OF_F_<=_FACTR*EPSMCH', 'grad': array([-159.07280613,   29.29227776,   25.20173439,   33.6964149 ]), 'nit': 40, 'funcalls': 61})"islam,q,"(array([ 5.18666257,  0.33353579,  1.54197218, -0.61575112]), nan, {'warnflag': 2, 'task': 'ABNORMAL_TERMINATION_IN_LNSRCH', 'grad': array([  -274.9309715 , -49559.58484061,   1569.08117788,  25351.64730944]), 'nit': 34, 'funcalls': 93})",a,"(array([ 5.26565219,  0.31773344,  0.77768783, -0.61148162]), nan, {'warnflag': 2, 'task': 'ABNORMAL_TERMINATION_IN_LNSRCH', 'grad': array([  -402.62530092, -81506.68436429,   3770.19532607,  32376.89743401]), 'nit': 45, 'funcalls': 145})",c,"(array([ 5.01429395,  1.30060769,  0.79841241,  0.64346579]), inf, {'warnflag': 2, 'task': 'ABNORMAL_TERMINATION_IN_LNSRCH', 'grad': array([  -14171.57473043, -1913266.24481007,  1522366.31838605,
        2771792.3396267 ]), 'nit': 1, 'funcalls': 29})"japanese,q,"(array([ 5.03109948,  1.25862181,  0.81136055,  0.72043872]), nan, {'warnflag': 2, 'task': 'ABNORMAL_TERMINATION_IN_LNSRCH', 'grad': array([  -5449.20549146, -418463.24420476,  374366.19204527,
        503776.29922878]), 'nit': 1, 'funcalls': 28})",a,"(array([ 5.02665822,  1.26148334,  0.81213163,  0.71263745]), inf, {'warnflag': 2, 'task': 'ABNORMAL_TERMINATION_IN_LNSRCH', 'grad': array([   -9811.30433502, -1103020.30225284,   984074.3499808 ,
        1330979.43034954]), 'nit': 1, 'funcalls': 28})",c,"(array([ 5.00809651,  1.25610392,  0.82458868,  0.70519399]), inf, {'warnflag': 2, 'task': 'ABNORMAL_TERMINATION_IN_LNSRCH', 'grad': array([   -35616.7787686 , -12332835.30455083,  10734194.0747574 ,
        15092247.21230567]), 'nit': 1, 'funcalls': 28})"joomla,q,"(array([ 5.00751864,  1.2689779 ,  0.80948776,  0.70075287]), nan, {'warnflag': 2, 'task': 'ABNORMAL_TERMINATION_IN_LNSRCH', 'grad': array([  -282.4153853 , -27501.39774435,  24480.98148307,  33505.38299856]), 'nit': 1, 'funcalls': 45})",a,"(array([  1.41762154e+02,   8.16714899e-04,  -6.95408359e-01,
         3.96937838e+00]), 7692.778654912803, {'warnflag': 0, 'task': 'CONVERGENCE: REL_REDUCTION_OF_F_<=_FACTR*EPSMCH', 'grad': array([  4.49654181e-01,  -1.12455633e+04,   1.55062025e+02,
        -1.13573151e+01]), 'nit': 353, 'funcalls': 545})",c,"(array([ 5.37517945,  0.17665917, -0.82930421, -0.32382586]), nan, {'warnflag': 2, 'task': 'ABNORMAL_TERMINATION_IN_LNSRCH', 'grad': array([ -1.75808964e+01,  -4.65595062e+04,   1.90371422e+04,
        -4.67456339e+03]), 'nit': 172, 'funcalls': 275})"judaism,q,"(array([ 5.04551053,  1.29644808,  0.77702209,  0.69039613]), inf, {'warnflag': 2, 'task': 'ABNORMAL_TERMINATION_IN_LNSRCH', 'grad': array([   -7316.04231987, -1193728.12914662,  1104998.63949372,
        1447483.38207137]), 'nit': 1, 'funcalls': 29})",a,"(array([  4.80688106,   0.11099093,  10.98370738,  -1.23349348]), 351838.48201710434, {'warnflag': 0, 'task': 'CONVERGENCE: REL_REDUCTION_OF_F_<=_FACTR*EPSMCH', 'grad': array([  1.79000199e+02,  -3.64241796e+05,  -6.74743205e+02,
         1.07171020e+05]), 'nit': 252, 'funcalls': 374})",c,"(array([ 7.78901225,  0.69274441,  1.50865922, -0.1833384 ]), 16091616.293955887, {'warnflag': 0, 'task': 'CONVERGENCE: REL_REDUCTION_OF_F_<=_FACTR*EPSMCH', 'grad': array([   -87434.05342102,  23984855.97223043,  -3767104.44688797,
       -22264839.52254057]), 'nit': 51, 'funcalls': 81})"linguistics,q,"(array([ 22.38734967,   0.16650947,  -0.49899513,  -0.79157517]), 1719.786811156042, {'warnflag': 0, 'task': 'CONVERGENCE: REL_REDUCTION_OF_F_<=_FACTR*EPSMCH', 'grad': array([   12.22829269,  3493.87105416,   -93.35019513,  -279.14857128]), 'nit': 83, 'funcalls': 141})",a,"(array([-40.28346233,   3.00966285,  12.10743467,  -0.1511691 ]), 3930.9248939689414, {'warnflag': 0, 'task': 'CONVERGENCE: REL_REDUCTION_OF_F_<=_FACTR*EPSMCH', 'grad': array([  -14.30898919,  -650.62963586,    96.79165487,  5579.27705813]), 'nit': 339, 'funcalls': 510})",c,"(array([ 5.05061408,  1.34204187,  0.78204734,  0.53894408]), inf, {'warnflag': 2, 'task': 'ABNORMAL_TERMINATION_IN_LNSRCH', 'grad': array([  -21565.81031159, -1607347.89678827,  1107709.30768922,
        2930552.45419964]), 'nit': 1, 'funcalls': 29})"magento,q,"(array([ 5.01571232,  1.34267765,  0.75434413,  0.62365241]), 194146.24196424, {'warnflag': 0, 'task': 'CONVERGENCE: REL_REDUCTION_OF_F_<=_FACTR*EPSMCH', 'grad': array([-271.68134693,  125.24833437, -550.8743925 ,  457.6111678 ]), 'nit': 5, 'funcalls': 15})",a,"(array([ 4.67085576,  0.54106556,  1.99470297, -0.45761621]), 405274.0488765802, {'warnflag': 0, 'task': 'CONVERGENCE: REL_REDUCTION_OF_F_<=_FACTR*EPSMCH', 'grad': array([  106.53748177, -6266.86378382,   377.79100239,  4921.57414556]), 'nit': 97, 'funcalls': 160})",c,"(array([  6.18666667e+10,  -9.77062853e+15,  -4.15130667e+13,
         3.08431707e+15]), 4.018858363594028e+22, {'warnflag': 0, 'task': 'CONVERGENCE: NORM_OF_PROJECTED_GRADIENT_<=_PGTOL', 'grad': array([ 0.,  0.,  0.,  0.]), 'nit': 233, 'funcalls': 391})"mathematica,q,"(array([ 6.33058575,  1.94826565,  0.43750072,  1.71066227]), nan, {'warnflag': 2, 'task': 'ABNORMAL_TERMINATION_IN_LNSRCH', 'grad': array([   -2114.15608646,  -325174.97602385,  1029924.27273421,
         356435.96493173]), 'nit': 63, 'funcalls': 143})",a,"(array([ 5.00794467,  1.2791447 ,  0.80306383,  0.68820509]), inf, {'warnflag': 2, 'task': 'ABNORMAL_TERMINATION_IN_LNSRCH', 'grad': array([   -73937.9087463 , -41051745.13533711,  36572994.96699125,
        50390259.17649269]), 'nit': 1, 'funcalls': 28})",c,"(array([ 5.0021676 ,  1.27895867,  0.80375827,  0.68751   ]), inf, {'warnflag': 2, 'task': 'ABNORMAL_TERMINATION_IN_LNSRCH', 'grad': array([ -4.03452292e+05,  -8.40179618e+08,   7.48277991e+08,
         1.03073381e+09]), 'nit': 1, 'funcalls': 28})"mechanics,q,"(array([ 5.04507679,  1.28045351,  0.7891825 ,  0.70627062]), inf, {'warnflag': 2, 'task': 'ABNORMAL_TERMINATION_IN_LNSRCH', 'grad': array([  -681.92766776, -79217.18679427,  73487.15898843,  93778.65881106]), 'nit': 1, 'funcalls': 28})",a,"(array([-5.12398421,  3.26490674,  1.55039162,  1.01954527]), nan, {'warnflag': 2, 'task': 'ABNORMAL_TERMINATION_IN_LNSRCH', 'grad': array([  -16.01365511,  -790.95516412,  1611.100015  ,  3248.4294934 ]), 'nit': 661, 'funcalls': 976})",c,"(array([ 5.0335825 ,  1.29819949,  0.78085998,  0.679586  ]), inf, {'warnflag': 2, 'task': 'ABNORMAL_TERMINATION_IN_LNSRCH', 'grad': array([  -21392.38058589, -4258972.14445285,  3873086.61884163,
        5261101.22154932]), 'nit': 1, 'funcalls': 29})"money,q,"(array([ -35.80123624,    9.85978762,  296.92729265,   -0.36639094]), 24321.973332101297, {'warnflag': 0, 'task': 'CONVERGENCE: REL_REDUCTION_OF_F_<=_FACTR*EPSMCH', 'grad': array([ -1.18261232e+02,  -1.73455155e+03,   3.60505510e+01,
         1.09109390e+05]), 'nit': 121, 'funcalls': 226})",a,"(array([ 5.01569505,  1.26732137,  0.79884633,  0.71968934]), inf, {'warnflag': 2, 'task': 'ABNORMAL_TERMINATION_IN_LNSRCH', 'grad': array([   -52604.45177555,  -9934450.40658116,   9008901.10060573,
        11971363.23899031]), 'nit': 1, 'funcalls': 28})",c,"(array([ 5.01785529,  1.29678797,  0.77729169,  0.68828876]), inf, {'warnflag': 2, 'task': 'ABNORMAL_TERMINATION_IN_LNSRCH', 'grad': array([ -2.26444565e+04,  -1.87463190e+07,   1.72201559e+07,
         2.29246144e+07]), 'nit': 1, 'funcalls': 29})"movies,q,"(array([ 5.03898512,  1.29590207,  0.78039974,  0.68640791]), nan, {'warnflag': 2, 'task': 'ABNORMAL_TERMINATION_IN_LNSRCH', 'grad': array([  -4987.38590977, -595976.11052595,  549213.64571783,
        723533.50005869]), 'nit': 1, 'funcalls': 29})",a,"(array([ 5.03202412,  1.29388175,  0.78548058,  0.68299557]), inf, {'warnflag': 2, 'task': 'ABNORMAL_TERMINATION_IN_LNSRCH', 'grad': array([  -32297.42578696, -4816000.33235736,  4394231.83270264,
        5879967.88090095]), 'nit': 1, 'funcalls': 29})",c,"(array([ 5.60848527,  0.32776908,  3.50132035, -0.7860727 ]), 441342.8129932228, {'warnflag': 0, 'task': 'CONVERGENCE: REL_REDUCTION_OF_F_<=_FACTR*EPSMCH', 'grad': array([ -6.01564534e+02,   8.89816484e+05,  -1.03481871e+04,
        -5.31254191e+05]), 'nit': 106, 'funcalls': 171})"music,q,"(array([ 5.06354431,  1.32654419,  0.75537969,  0.65479385]), inf, {'warnflag': 2, 'task': 'ABNORMAL_TERMINATION_IN_LNSRCH', 'grad': array([  -6436.0734541 , -219433.63244645,  195959.4523214 ,
        290722.55347273]), 'nit': 1, 'funcalls': 30})",a,"(array([ 9.5489512 ,  0.57354576,  0.51003732, -0.09609951]), nan, {'warnflag': 2, 'task': 'ABNORMAL_TERMINATION_IN_LNSRCH', 'grad': array([ -1059.00107883,  29526.17651317, -12221.51622642,   4134.63421864]), 'nit': 58, 'funcalls': 129})",c,"(array([ 5.04647821,  1.35566012,  0.75041716,  0.59371241]), inf, {'warnflag': 2, 'task': 'ABNORMAL_TERMINATION_IN_LNSRCH', 'grad': array([  -49483.35699737, -6503473.71120006,  5234762.5605762 ,
        9812873.74161184]), 'nit': 1, 'funcalls': 29})"networkengineering,q,"(array([  2.06162093e+01,   1.58482629e+02,   7.15014637e-02,
         7.45127909e+01]), 5930.925644532061, {'warnflag': 0, 'task': 'CONVERGENCE: REL_REDUCTION_OF_F_<=_FACTR*EPSMCH', 'grad': array([  3.90718924e-01,   1.66073733e-01,  -1.69716895e+03,
        -1.81680662e+00]), 'nit': 189, 'funcalls': 324})",a,"(array([  4.76465392,   6.18629491,   0.11454398,  16.06574935]), 10040.789013856564, {'warnflag': 0, 'task': 'CONVERGENCE: REL_REDUCTION_OF_F_<=_FACTR*EPSMCH', 'grad': array([  4.05543688e+00,   6.38941856e+01,  -5.99877148e+03,
        -4.28841304e+01]), 'nit': 151, 'funcalls': 258})",c,"(array([-51.39927961,   0.67278022,  -0.1086687 ,   1.87510959]), nan, {'warnflag': 2, 'task': 'ABNORMAL_TERMINATION_IN_LNSRCH', 'grad': array([  3.27508315e+02,   1.64441802e+05,  -3.29901981e+05,
         3.70707130e+02]), 'nit': 96, 'funcalls': 189})"opendata,q,"(array([ 5.01277051,  1.24875602,  0.8117659 ,  0.73914407]), nan, {'warnflag': 2, 'task': 'ABNORMAL_TERMINATION_IN_LNSRCH', 'grad': array([  -94.8161528 , -3681.91442703,  3421.11053442,  4281.2173092 ]), 'nit': 1, 'funcalls': 45})",a,"(array([ 5.02947547,  0.10108234, -0.79019487,  0.3120282 ]), 135.98752890019202, {'warnflag': 0, 'task': 'CONVERGENCE: REL_REDUCTION_OF_F_<=_FACTR*EPSMCH', 'grad': array([-0.00460716, -1.61770402,  0.88936076,  0.18406183]), 'nit': 54, 'funcalls': 115})",c,"(array([ -7.99123168e+02,   1.61675731e+01,   5.54396831e+00,
         2.31495247e-01]), nan, {'warnflag': 2, 'task': 'ABNORMAL_TERMINATION_IN_LNSRCH', 'grad': array([ -8.23577125e+01,  -4.85159887e+03,   1.10554721e+04,
         1.75757482e+05]), 'nit': 105, 'funcalls': 205})"outdoors,q,"(array([ 6.74344354,  0.18335839,  0.07252653, -0.95538464]), nan, {'warnflag': 2, 'task': 'ABNORMAL_TERMINATION_IN_LNSRCH', 'grad': array([   2.3450184 ,  989.39808595,    2.42802543, -478.33316472]), 'nit': 41, 'funcalls': 129})",a,"(array([  4.10193264e+01,   2.90824780e-05,   1.44682636e+02,
        -2.69744829e+00]), 1047.1753706367804, {'warnflag': 0, 'task': 'CONVERGENCE: REL_REDUCTION_OF_F_<=_FACTR*EPSMCH', 'grad': array([ -4.24854534e+00,  -8.08519198e+06,  -1.55400812e+00,
         1.40676711e+03]), 'nit': 248, 'funcalls': 383})",c,"(array([ 5.11317952,  1.5067497 ,  0.81837989, -0.14559319]), 126831.61038270907, {'warnflag': 0, 'task': 'CONVERGENCE: REL_REDUCTION_OF_F_<=_FACTR*EPSMCH', 'grad': array([   -290.90006137,  -13584.12264381,  -19180.05000334,
        196895.13719641]), 'nit': 2, 'funcalls': 10})"parenting,q,"(array([ 5.18481505,  0.26789415,  1.43483227, -0.7775971 ]), nan, {'warnflag': 2, 'task': 'ABNORMAL_TERMINATION_IN_LNSRCH', 'grad': array([  -34.45718448, -3109.04181333,    56.30752185,  1295.62381517]), 'nit': 23, 'funcalls': 90})",a,"(array([ 7.69879034,  0.23126115, -0.70737493, -0.78185742]), nan, {'warnflag': 2, 'task': 'ABNORMAL_TERMINATION_IN_LNSRCH', 'grad': array([  -120.16571418,  27430.86079136,    274.22865969, -21685.86834159]), 'nit': 71, 'funcalls': 135})",c,"(array([ 10.6032228 ,   0.31143367,  -0.33347085,  -0.61751569]), nan, {'warnflag': 2, 'task': 'ABNORMAL_TERMINATION_IN_LNSRCH', 'grad': array([   -586.90202422, -546349.85863231,   38358.2606446 ,
        163135.30795742]), 'nit': 93, 'funcalls': 182})"patents,q,"(array([ 5.40498839,  0.54809993,  6.71542022, -0.52314055]), nan, {'warnflag': 2, 'task': 'ABNORMAL_TERMINATION_IN_LNSRCH', 'grad': array([  -15.47432475, -1376.62673296,    35.64730378,  1707.47517814]), 'nit': 45, 'funcalls': 104})",a,"(array([ 40.73112708,   0.0965181 ,  -0.7575849 ,  -0.35146466]), nan, {'warnflag': 2, 'task': 'ABNORMAL_TERMINATION_IN_LNSRCH', 'grad': array([  -10.17274371, -2000.82818083,   465.12523113,   -36.16046342]), 'nit': 118, 'funcalls': 200})",c,"(array([ 39.25328346,   1.24957545,  49.90037877,  -0.37812206]), 13270.614812214748, {'warnflag': 0, 'task': 'CONVERGENCE: REL_REDUCTION_OF_F_<=_FACTR*EPSMCH', 'grad': array([-0.10113581, -3.16213118,  0.11532393,  4.27680789]), 'nit': 39, 'funcalls': 57})"pets,q,"(array([ 46.53290405,  60.16361783,   3.17417348,   2.84117222]), 491.07105438931956, {'warnflag': 0, 'task': 'CONVERGENCE: REL_REDUCTION_OF_F_<=_FACTR*EPSMCH', 'grad': array([  1.26817667e-02,   7.95807864e-05,  -2.14146212e-01,
        -4.28957492e-01]), 'nit': 238, 'funcalls': 378})",a,"(array([ 4.7796791 ,  0.33342843, -0.32559953,  0.8873671 ]), nan, {'warnflag': 2, 'task': 'ABNORMAL_TERMINATION_IN_LNSRCH', 'grad': array([  1.22367965e+00,   1.26655136e+03,  -9.26210441e+02,
         2.73867045e+01]), 'nit': 28, 'funcalls': 86})",c,"(array([  9.19445343e+01,   2.19187427e-01,   1.54294455e+03,
        -9.29538299e-01]), 37837.54364455555, {'warnflag': 0, 'task': 'CONVERGENCE: REL_REDUCTION_OF_F_<=_FACTR*EPSMCH', 'grad': array([ -3.12866177e-02,  -3.46852175e+01,   7.27595761e-04,
         5.83982910e+01]), 'nit': 212, 'funcalls': 307})"philosophy,q,"(array([  2.55873473e+00,   2.69992567e+00,   9.77239021e+00,
         1.42117326e-03]), 7816.7694837730705, {'warnflag': 0, 'task': 'CONVERGENCE: REL_REDUCTION_OF_F_<=_FACTR*EPSMCH', 'grad': array([  -10.43190423,  -430.84874051,    89.72529031,  2869.82949547]), 'nit': 161, 'funcalls': 250})",a,"(array([-2.76331288,  3.63152583,  7.64405804,  0.18967334]), 74403.84829629747, {'warnflag': 0, 'task': 'CONVERGENCE: REL_REDUCTION_OF_F_<=_FACTR*EPSMCH', 'grad': array([ -62.65036063,   11.72302291, -152.20139176, -234.96686481]), 'nit': 155, 'funcalls': 265})",c,"(array([ 5.01740601,  1.32390101,  0.76573143,  0.64526963]), inf, {'warnflag': 2, 'task': 'ABNORMAL_TERMINATION_IN_LNSRCH', 'grad': array([   -30253.29206139, -15909588.29037845,  14383790.59545696,
        20293374.24319237]), 'nit': 1, 'funcalls': 30})"photo,q,"(array([ 5.02675234,  1.27601542,  0.79886881,  0.70154202]), inf, {'warnflag': 2, 'task': 'ABNORMAL_TERMINATION_IN_LNSRCH', 'grad': array([  -18694.80038295, -2539971.96996352,  2282638.68775684,
        3100959.86060333]), 'nit': 1, 'funcalls': 28})",a,"(array([ 5.00850124,  1.26637226,  0.8123243 ,  0.70201681]), inf, {'warnflag': 2, 'task': 'ABNORMAL_TERMINATION_IN_LNSRCH', 'grad': array([   -67459.58235115, -24071436.29388884,  21177953.33033428,
        29611421.87705263]), 'nit': 1, 'funcalls': 28})",c,"(array([ 5.00540416,  1.28297704,  0.8017959 ,  0.68208115]), inf, {'warnflag': 2, 'task': 'ABNORMAL_TERMINATION_IN_LNSRCH', 'grad': array([ -1.17722526e+05,  -9.73536401e+07,   8.65385335e+07,
         1.20122912e+08]), 'nit': 1, 'funcalls': 29})"physics,q,"(array([ 26.67278703,  22.66724195,  56.8239751 ,   0.1418787 ]), 1107528.8066826453, {'warnflag': 0, 'task': 'CONVERGENCE: REL_REDUCTION_OF_F_<=_FACTR*EPSMCH', 'grad': array([  2.65426934e+01,   2.15151813e+03,  -9.42940824e+02,
        -1.98399695e+05]), 'nit': 391, 'funcalls': 624})",a,"(array([ 5.01388532,  1.29450438,  0.78975753,  0.67533888]), inf, {'warnflag': 2, 'task': 'ABNORMAL_TERMINATION_IN_LNSRCH', 'grad': array([ -1.72591489e+05,  -1.77262466e+08,   1.60484749e+08,
         2.17355322e+08]), 'nit': 1, 'funcalls': 29})",c,"(array([ 5.00580277,  1.29549599,  0.79258488,  0.66870468]), inf, {'warnflag': 2, 'task': 'ABNORMAL_TERMINATION_IN_LNSRCH', 'grad': array([ -8.38921964e+05,  -2.77311112e+09,   2.49664509e+09,
         3.41163566e+09]), 'nit': 1, 'funcalls': 29})"pm,q,"(array([ 55.97957633, -18.38992979,  27.75672206,   1.46504897]), 95.24731418302375, {'warnflag': 0, 'task': 'CONVERGENCE: REL_REDUCTION_OF_F_<=_FACTR*EPSMCH', 'grad': array([ 0.00063096,  0.00032827, -0.00031264, -0.00025295]), 'nit': 171, 'funcalls': 245})",a,"(array([  5.79996171e+01,   1.23967119e-03,   1.95099915e+02,
        -1.82720246e+00]), 10447.81039588925, {'warnflag': 0, 'task': 'CONVERGENCE: REL_REDUCTION_OF_F_<=_FACTR*EPSMCH', 'grad': array([ -9.75605872e+01,  -6.29863299e+06,  -3.13231794e+01,
         4.16227702e+04]), 'nit': 140, 'funcalls': 230})",c,"(array([ 5.12784084,  0.21383672,  0.72246322, -0.90143398]), nan, {'warnflag': 2, 'task': 'ABNORMAL_TERMINATION_IN_LNSRCH', 'grad': array([   -128.41046555, -126926.4932489 ,     819.63517005,
         52801.70662445]), 'nit': 30, 'funcalls': 86})"politics,q,"(array([ 7.23795124,  0.58175249,  5.8849848 , -0.47879063]), 66.98500053198015, {'warnflag': 0, 'task': 'CONVERGENCE: REL_REDUCTION_OF_F_<=_FACTR*EPSMCH', 'grad': array([ -3.12665662, -93.33898703,   3.8201847 ,  99.14541863]), 'nit': 33, 'funcalls': 67})",a,"(array([ -3.92610039e+01,   1.26944472e+03,   3.87605556e+01,
         1.18178675e+00]), 483.8499655245489, {'warnflag': 0, 'task': 'CONVERGENCE: REL_REDUCTION_OF_F_<=_FACTR*EPSMCH', 'grad': array([ -1.88424565e-01,  -2.36923370e-02,   1.46508228e+00,
         1.10466283e+02]), 'nit': 731, 'funcalls': 976})",c,"(array([ 5.03381712,  6.79738043,  8.94079831,  0.22679071]), nan, {'warnflag': 2, 'task': 'ABNORMAL_TERMINATION_IN_LNSRCH', 'grad': array([ -8.21537469e+00,  -8.35000083e+02,   4.65641369e+02,
         1.48977130e+04]), 'nit': 105, 'funcalls': 181})"programmers,q,"(array([ 5.00992278,  1.2818266 ,  0.79801341,  0.69058231]), inf, {'warnflag': 2, 'task': 'ABNORMAL_TERMINATION_IN_LNSRCH', 'grad': array([  -16018.41649972, -6996625.51051006,  6309163.27936575,
        8516469.97616626]), 'nit': 1, 'funcalls': 28})",a,"(array([ 4.95339493,  2.3948245 ,  0.51032012,  1.97058429]), inf, {'warnflag': 2, 'task': 'ABNORMAL_TERMINATION_IN_LNSRCH', 'grad': array([ -3.65461223e+04,  -4.12334870e+07,   1.68879536e+08,
         5.90983571e+07]), 'nit': 26, 'funcalls': 83})",c,"(array([ 5.00070474,  1.26388361,  0.81257288,  0.70788586]), inf, {'warnflag': 2, 'task': 'ABNORMAL_TERMINATION_IN_LNSRCH', 'grad': array([ -6.78178668e+05,  -2.50241163e+09,   2.21078774e+09,
         3.05938844e+09]), 'nit': 1, 'funcalls': 28})"puzzling,q,"(array([ 4.94498836,  0.41715298, -0.30250849,  1.86434921]), nan, {'warnflag': 2, 'task': 'ABNORMAL_TERMINATION_IN_LNSRCH', 'grad': array([    29.38029411,  14142.55386862, -20696.28985737,    784.8477253 ]), 'nit': 19, 'funcalls': 71})",a,"(array([  4.96368027e+00,   6.95716077e-04,  -7.29398018e-01,
         4.79288686e+00]), 1215.2177427581016, {'warnflag': 0, 'task': 'CONVERGENCE: REL_REDUCTION_OF_F_<=_FACTR*EPSMCH', 'grad': array([  5.61803972e+00,  -5.05235671e+05,   7.99823542e+03,
        -4.89793570e+02]), 'nit': 278, 'funcalls': 442})",c,"(array([ 5.00073096,  0.02704158,  4.76286428, -1.89209723]), 5356.024169022683, {'warnflag': 0, 'task': 'CONVERGENCE: REL_REDUCTION_OF_F_<=_FACTR*EPSMCH', 'grad': array([    5.85459929, -2846.01210296,   351.66076486,   915.59286375]), 'nit': 92, 'funcalls': 147})"quant,q,"(array([ 6.04975323,  0.39505424,  1.86629001, -0.56417384]), 7072.0497579030525, {'warnflag': 0, 'task': 'CONVERGENCE: REL_REDUCTION_OF_F_<=_FACTR*EPSMCH', 'grad': array([-19.58151188,  11.0541805 ,  -0.10550139, -22.37429726]), 'nit': 32, 'funcalls': 55})",a,"(array([   8.59755381,  362.8102448 ,   21.62481247,    1.35023621]), 17885.853974152888, {'warnflag': 0, 'task': 'CONVERGENCE: REL_REDUCTION_OF_F_<=_FACTR*EPSMCH', 'grad': array([  0.64865162,  -0.03856258,   3.35712684,  13.30008672]), 'nit': 1702, 'funcalls': 2253})",c,"(array([ 5.0408505 ,  1.33449297,  0.75225915,  0.63558885]), inf, {'warnflag': 2, 'task': 'ABNORMAL_TERMINATION_IN_LNSRCH', 'grad': array([  -34048.29185456, -1864762.12693378,  1583354.08195853,
        2739060.3441745 ]), 'nit': 1, 'funcalls': 30})"raspberrypi,q,"(array([ 17.74972659,   1.07180722,   0.08180758,   2.44995626]), 25445.420746422984, {'warnflag': 0, 'task': 'CONVERGENCE: REL_REDUCTION_OF_F_<=_FACTR*EPSMCH', 'grad': array([ -0.45474735, -21.06971806,  45.87345757,   7.66412995]), 'nit': 99, 'funcalls': 141})",a,"(array([ 5.01812934,  1.27788286,  0.8007942 ,  0.69431486]), inf, {'warnflag': 2, 'task': 'ABNORMAL_TERMINATION_IN_LNSRCH', 'grad': array([  -15289.00756966, -2549663.04637492,  2284570.75136248,
        3117498.42949212]), 'nit': 1, 'funcalls': 28})",c,"(array([ 5.00844404,  1.27608806,  0.80718767,  0.68825822]), inf, {'warnflag': 2, 'task': 'ABNORMAL_TERMINATION_IN_LNSRCH', 'grad': array([   -30968.14034507, -15067969.0297693 ,  13334176.59625411,
        18544412.07833588]), 'nit': 1, 'funcalls': 28})"reverseengineering,q,"(array([ 5.04240519,  0.18194347, -0.95990467, -0.80589496]), nan, {'warnflag': 2, 'task': 'ABNORMAL_TERMINATION_IN_LNSRCH', 'grad': array([  -2.99814928, -786.54768458,  345.22332726, -116.34956536]), 'nit': 97, 'funcalls': 257})",a,"(array([ 4.92981039,  0.2342003 ,  0.15186409, -0.77036053]), 2571.0839596376177, {'warnflag': 0, 'task': 'CONVERGENCE: REL_REDUCTION_OF_F_<=_FACTR*EPSMCH', 'grad': array([   1.57860995, -737.91438808,   -2.66936695,  898.00842034]), 'nit': 42, 'funcalls': 88})",c,"(array([ 5.14293144,  0.33144339,  2.28494814, -0.65526685]), 13224.98945052163, {'warnflag': 0, 'task': 'CONVERGENCE: REL_REDUCTION_OF_F_<=_FACTR*EPSMCH', 'grad': array([ 2.798879  ,  0.55315468, -0.00982254,  0.0520231 ]), 'nit': 30, 'funcalls': 53})"robotics,q,"(array([-3.84971525,  1.82777708,  0.27397354,  2.06170486]), 298.6109034806736, {'warnflag': 0, 'task': 'CONVERGENCE: REL_REDUCTION_OF_F_<=_FACTR*EPSMCH', 'grad': array([ -0.54868678, -19.53436595,  77.08612202,  13.03481554]), 'nit': 202, 'funcalls': 305})",a,"(array([ 14.97351036,  41.5657607 ,   4.22843802,   1.85411712]), 1621.6196405486555, {'warnflag': 0, 'task': 'CONVERGENCE: REL_REDUCTION_OF_F_<=_FACTR*EPSMCH', 'grad': array([-0.03576588, -0.05345555,  0.54508291, -0.13540102]), 'nit': 216, 'funcalls': 352})",c,"(array([   26.11972013,  2154.12809921,    12.11240351,     2.46447538]), nan, {'warnflag': 2, 'task': 'ABNORMAL_TERMINATION_IN_LNSRCH', 'grad': array([ -5.27143129e-01,  -3.96539690e-02,   1.97278496e+01,
         2.15424734e+02]), 'nit': 878, 'funcalls': 1398})"rpg,q,"(array([-0.22554646,  4.89154492,  0.23656577,  6.39604387]), 83814.6848435626, {'warnflag': 0, 'task': 'CONVERGENCE: REL_REDUCTION_OF_F_<=_FACTR*EPSMCH', 'grad': array([ -29.69027264,   53.15378075, -761.79567259,  -79.28611012]), 'nit': 66, 'funcalls': 114})",a,"(array([ 4.70218008,  4.23698666,  0.29484839,  4.70338155]), 561464.1832624644, {'warnflag': 0, 'task': 'CONVERGENCE: REL_REDUCTION_OF_F_<=_FACTR*EPSMCH', 'grad': array([  1338.65978569,   4852.99387947, -87886.78096607,  -5743.39646846]), 'nit': 71, 'funcalls': 121})",c,"(array([ 5.02251093,  1.29983783,  0.78880239,  0.66444041]), inf, {'warnflag': 2, 'task': 'ABNORMAL_TERMINATION_IN_LNSRCH', 'grad': array([ -2.57972628e+05,  -1.74230867e+08,   1.57071029e+08,
         2.15104021e+08]), 'nit': 1, 'funcalls': 29})"salesforce,q,"(array([ 5.01921749,  1.32356839,  0.7684119 ,  0.64406843]), inf, {'warnflag': 2, 'task': 'ABNORMAL_TERMINATION_IN_LNSRCH', 'grad': array([  -21424.85463992, -8141509.01860557,  7556477.02608258,
        9962126.76982395]), 'nit': 1, 'funcalls': 30})",a,"(array([ 6.78401826,  0.31129903,  2.45921743, -0.78673939]), nan, {'warnflag': 2, 'task': 'ABNORMAL_TERMINATION_IN_LNSRCH', 'grad': array([  -1222.05819935, -216160.72044708,    2931.29705824,
        109502.27151625]), 'nit': 98, 'funcalls': 212})",c,"(array([ 5.02530633,  1.2895858 ,  0.88952801,  0.55186801]), 3330195.9262593687, {'warnflag': 0, 'task': 'CONVERGENCE: REL_REDUCTION_OF_F_<=_FACTR*EPSMCH', 'grad': array([   -8961.83773875, -3743699.19300079,  2917071.89753652,
        4893068.03792715]), 'nit': 22, 'funcalls': 33})"scicomp,q,"(array([ 5.03331184,  1.26084976,  0.80653584,  0.72328656]), nan, {'warnflag': 2, 'task': 'ABNORMAL_TERMINATION_IN_LNSRCH', 'grad': array([  -1942.03494175, -126439.08403334,  113655.61595085,
        152392.76708598]), 'nit': 1, 'funcalls': 28})",a,"(array([ 5.01930524,  1.2535433 ,  0.8178585 ,  0.72181458]), nan, {'warnflag': 2, 'task': 'ABNORMAL_TERMINATION_IN_LNSRCH', 'grad': array([  -912.66410891, -79303.0281784 ,  70526.89688862,  95252.06696708]), 'nit': 1, 'funcalls': 48})",c,"(array([ 5.00880595,  1.26023473,  0.81768031,  0.70759571]), inf, {'warnflag': 2, 'task': 'ABNORMAL_TERMINATION_IN_LNSRCH', 'grad': array([  -12723.21096621, -3719929.23610378,  3259425.92462525,
        4562090.60212132]), 'nit': 1, 'funcalls': 28})"scifi,q,"(array([ 78.40768103,  14.70611876,   0.4117302 ,   7.39882691]), 391838.1550640167, {'warnflag': 0, 'task': 'CONVERGENCE: REL_REDUCTION_OF_F_<=_FACTR*EPSMCH', 'grad': array([  3.94938979e+01,  -6.02882938e+03,   5.25016361e+05,
         3.11173149e+04]), 'nit': 234, 'funcalls': 423})",a,"(array([ -8.43029166e+12,  -4.35773178e+16,  -6.88646033e+14,
         7.30054482e+15]), 1.6346058017175017e+27, {'warnflag': 0, 'task': 'CONVERGENCE: NORM_OF_PROJECTED_GRADIENT_<=_PGTOL', 'grad': array([ 0.,  0.,  0.,  0.]), 'nit': 168, 'funcalls': 293})",c,"(array([ 5.01606067,  1.31553836,  0.77802608,  0.64654333]), inf, {'warnflag': 2, 'task': 'ABNORMAL_TERMINATION_IN_LNSRCH', 'grad': array([ -6.98737055e+05,  -8.46261743e+08,   7.73624021e+08,
         1.04188595e+09]), 'nit': 1, 'funcalls': 29})"security,q,"(array([ 37.57707122,   0.07735041,   8.74746725,  -1.38083128]), 43771.8731529858, {'warnflag': 0, 'task': 'CONVERGENCE: REL_REDUCTION_OF_F_<=_FACTR*EPSMCH', 'grad': array([ -1.29512046e-01,  -8.31780198e+02,  -1.83135853e+00,
         2.60596426e+02]), 'nit': 97, 'funcalls': 159})",a,"(array([ 5.0251058 ,  1.29172402,  0.78851929,  0.68279561]), inf, {'warnflag': 2, 'task': 'ABNORMAL_TERMINATION_IN_LNSRCH', 'grad': array([ -3.01157404e+05,  -9.13690782e+07,   8.29390490e+07,
         1.11823476e+08]), 'nit': 1, 'funcalls': 29})",c,"(array([ 6.27035187,  0.15734087,  4.42812791, -1.17330347]), 5727725.239316182, {'warnflag': 0, 'task': 'CONVERGENCE: REL_REDUCTION_OF_F_<=_FACTR*EPSMCH', 'grad': array([   -37194.32279468, -23125241.51057005,    -86943.15329194,
         7288488.83882165]), 'nit': 130, 'funcalls': 232})"sharepoint,q,"(array([ 5.06059798,  1.32422334,  0.75148447,  0.66863135]), inf, {'warnflag': 2, 'task': 'ABNORMAL_TERMINATION_IN_LNSRCH', 'grad': array([  -328311.55695021, -55305125.00554323,  52878883.52759182,
        66644672.5372225 ]), 'nit': 1, 'funcalls': 29})",a,"(array([ 63.60722138,  32.32122798,   0.12778649,  28.32027754]), 950652.4634171256, {'warnflag': 0, 'task': 'CONVERGENCE: REL_REDUCTION_OF_F_<=_FACTR*EPSMCH', 'grad': array([  1.12922862e+01,  -2.53913458e+02,   2.50492757e+05,
         9.88622196e+02]), 'nit': 125, 'funcalls': 207})",c,"(array([ 5.05152803,  1.3236669 ,  0.75568046,  0.66330103]), inf, {'warnflag': 2, 'task': 'ABNORMAL_TERMINATION_IN_LNSRCH', 'grad': array([ -6.10622205e+05,  -2.21931899e+08,   2.10224959e+08,
         2.69192132e+08]), 'nit': 1, 'funcalls': 29})"skeptics,q,"(array([ 36.61337148,  33.89779793,   0.06666065,  61.5225467 ]), nan, {'warnflag': 2, 'task': 'ABNORMAL_TERMINATION_IN_LNSRCH', 'grad': array([ -4.05634637e-02,  -7.08496373e-02,   1.55772796e+02,
         1.55887392e-01]), 'nit': 173, 'funcalls': 276})",a,"(array([ 35.00769353,  36.02527613,   0.0892394 ,  45.71706959]), 13788.896280166608, {'warnflag': 0, 'task': 'CONVERGENCE: REL_REDUCTION_OF_F_<=_FACTR*EPSMCH', 'grad': array([  6.42103259e-02,   1.31512934e-01,  -1.84350029e+02,
        -4.03815648e-01]), 'nit': 83, 'funcalls': 118})",c,"(array([ 5.00279711,  1.23971947,  0.83453041,  0.72678764]), inf, {'warnflag': 2, 'task': 'ABNORMAL_TERMINATION_IN_LNSRCH', 'grad': array([   -57645.70087194, -24683024.50142801,  21232728.93950343,
        30205917.59122908]), 'nit': 1, 'funcalls': 29})"softwarerecs,q,"(array([ -9.00937877e+01,   4.84662554e-05,   1.07988565e+02,
        -2.79975375e+00]), 13896.620274445275, {'warnflag': 0, 'task': 'CONVERGENCE: REL_REDUCTION_OF_F_<=_FACTR*EPSMCH', 'grad': array([ -8.15598469e+00,  -1.15139238e+08,  -1.05471554e+02,
         3.06490136e+04]), 'nit': 628, 'funcalls': 923})",a,"(array([ 4.60049484,  0.8079426 ,  0.4904885 ,  0.51700959]), nan, {'warnflag': 2, 'task': 'ABNORMAL_TERMINATION_IN_LNSRCH', 'grad': array([   16.39054972, -1301.13985506,   769.87598732,   922.26437118]), 'nit': 22, 'funcalls': 71})",c,"(array([ 5.15630442,  4.72904487,  0.78383821,  2.36111941]), nan, {'warnflag': 2, 'task': 'ABNORMAL_TERMINATION_IN_LNSRCH', 'grad': array([  -11.98786777, -1208.65297504,  9338.95644266,  4266.06275141]), 'nit': 99, 'funcalls': 202})"sound,q,"(array([ 3.16226999,  0.18535704,  0.70210471, -1.0141749 ]), nan, {'warnflag': 2, 'task': 'ABNORMAL_TERMINATION_IN_LNSRCH', 'grad': array([  1.41213059e+02,   3.08022230e+04,   2.24759788e+01,
        -7.57935459e+03]), 'nit': 70, 'funcalls': 146})",a,"(array([ 4.89424097,  0.83321858,  0.93760337,  0.23622059]), nan, {'warnflag': 2, 'task': 'ABNORMAL_TERMINATION_IN_LNSRCH', 'grad': array([   876.78199634, -32994.97184344,  13486.55496258,  31668.94603055]), 'nit': 36, 'funcalls': 92})",c,"(array([ 5.16091754,  0.2602417 ,  2.67269523, -0.80112303]), 220590.6431031093, {'warnflag': 0, 'task': 'CONVERGENCE: REL_REDUCTION_OF_F_<=_FACTR*EPSMCH', 'grad': array([ -83.69970601,  301.1431545 ,  141.93064999,  694.0215826 ]), 'nit': 54, 'funcalls': 118})"space,q,"(array([  1.08677121e+02,  -3.47734903e+03,   1.53311402e+01,
         2.88840893e+00]), 3916.7371902408913, {'warnflag': 0, 'task': 'CONVERGENCE: REL_REDUCTION_OF_F_<=_FACTR*EPSMCH', 'grad': array([  3.04680725e-03,   1.81898940e-04,   2.00088834e-02,
         2.46018317e-01]), 'nit': 467, 'funcalls': 637})",a,"(array([ 154.71429061,    0.99370394,  164.25833012,    3.4582996 ]), 10665.428575603259, {'warnflag': 0, 'task': 'CONVERGENCE: REL_REDUCTION_OF_F_<=_FACTR*EPSMCH', 'grad': array([ 0.       ,  0.0003638,  0.       ,  0.       ]), 'nit': 101, 'funcalls': 154})",c,"(array([ 4.97282466,  0.47483519,  1.36737949, -0.42124968]), nan, {'warnflag': 2, 'task': 'ABNORMAL_TERMINATION_IN_LNSRCH', 'grad': array([   -141.93938114, -127426.93070322,   10442.54750013,
         83922.75194637]), 'nit': 29, 'funcalls': 87})"spanish,q,"(array([ 36.86396103,  65.1481332 ,   9.46720454,   1.43214779]), 230.78992732787563, {'warnflag': 0, 'task': 'CONVERGENCE: REL_REDUCTION_OF_F_<=_FACTR*EPSMCH', 'grad': array([ -1.37119684,  -0.61081096,   6.86304418,  96.38089296]), 'nit': 114, 'funcalls': 175})",a,"(array([ 5.06945017,  1.56874068,  0.60038359,  0.28444606]), nan, {'warnflag': 2, 'task': 'ABNORMAL_TERMINATION_IN_LNSRCH', 'grad': array([  -419.13099267, -26611.32311914,  15742.91036377,  64521.2652671 ]), 'nit': 1, 'funcalls': 27})",c,"(array([ 5.03890963,  1.5667124 ,  0.60031239,  0.28057459]), inf, {'warnflag': 2, 'task': 'ABNORMAL_TERMINATION_IN_LNSRCH', 'grad': array([  -1033.87283161, -133226.35641089,   83890.0115923 ,
        312383.11785273]), 'nit': 1, 'funcalls': 27})"sports,q,"(array([ -8.03071848e+00,   6.58551467e-03,  -5.91928168e-02,
         8.26043556e+01]), 1054.4159571477232, {'warnflag': 0, 'task': 'CONVERGENCE: REL_REDUCTION_OF_F_<=_FACTR*EPSMCH', 'grad': array([ -5.62317837e-01,  -8.78986218e+03,   5.35201059e+03,
        -3.62208539e+00]), 'nit': 601, 'funcalls': 858})",a,"(array([  1.09408593e+02,   7.53821743e+02,   2.56248387e-02,
         3.73720545e+02]), 1752.4559718096978, {'warnflag': 0, 'task': 'CONVERGENCE: REL_REDUCTION_OF_F_<=_FACTR*EPSMCH', 'grad': array([  4.05862011e+00,   4.92946128e-02,  -1.35988148e+04,
        -9.41849976e-01]), 'nit': 305, 'funcalls': 459})",c,"(array([ 5.28236501,  0.13392179,  2.08695498, -1.27402183]), 17217.266971685473, {'warnflag': 0, 'task': 'CONVERGENCE: REL_REDUCTION_OF_F_<=_FACTR*EPSMCH', 'grad': array([ -8.46193871,   3.89554771, -25.4574843 , -21.88935468]), 'nit': 31, 'funcalls': 52})"sqa,q,"(array([ 5.81546256,  0.23976173,  2.16748212, -0.88549007]), nan, {'warnflag': 2, 'task': 'ABNORMAL_TERMINATION_IN_LNSRCH', 'grad': array([  -6.68105713,  471.32562031,    6.39029167, -489.75343816]), 'nit': 26, 'funcalls': 83})",a,"(array([ 5.71571763,  0.3126965 ,  1.78713282, -0.72767182]), nan, {'warnflag': 2, 'task': 'ABNORMAL_TERMINATION_IN_LNSRCH', 'grad': array([  -145.10842448, -25017.67230569,    546.73582781,  12842.90356125]), 'nit': 26, 'funcalls': 86})",c,"(array([ 5.10595362,  1.44041243,  0.71767557,  0.41099945]), nan, {'warnflag': 2, 'task': 'ABNORMAL_TERMINATION_IN_LNSRCH', 'grad': array([  -8121.90992292, -179310.45440491,  109269.64750979,
        399828.80698517]), 'nit': 1, 'funcalls': 27})"stats,q,"(array([ 5.04084117,  1.3194833 ,  0.76296404,  0.66124602]), inf, {'warnflag': 2, 'task': 'ABNORMAL_TERMINATION_IN_LNSRCH', 'grad': array([  -192417.25094616, -66775614.34917152,  62605911.26047075,
        81263212.95276284]), 'nit': 1, 'funcalls': 29})",a,"(array([ 5.01742295,  1.29465716,  0.79029242,  0.67359645]), inf, {'warnflag': 2, 'task': 'ABNORMAL_TERMINATION_IN_LNSRCH', 'grad': array([  -106361.6713509 , -60766826.8494308 ,  54898674.90250617,
        74649592.81496704]), 'nit': 1, 'funcalls': 29})",c,"(array([ 5.01090655,  1.31245029,  0.77983949,  0.65084905]), 18692368.43953853, {'warnflag': 0, 'task': 'CONVERGENCE: REL_REDUCTION_OF_F_<=_FACTR*EPSMCH', 'grad': array([-74514.00160789, -25796.89025879,   -615.04542828,  27907.6397419 ]), 'nit': 6, 'funcalls': 17})"tex,q,"(array([ 67.362333  ,  93.64799908,   0.09923531,  47.20426307]), 455614.50390232715, {'warnflag': 0, 'task': 'CONVERGENCE: REL_REDUCTION_OF_F_<=_FACTR*EPSMCH', 'grad': array([ -7.40168616e+01,  -2.05860706e+03,   8.73312035e+06,
         1.82418036e+04]), 'nit': 189, 'funcalls': 298})",a,"(array([  1.34800659e+02,   2.39011959e+02,   6.39868149e-02,
         8.81213986e+01]), 973292.0202209033, {'warnflag': 0, 'task': 'CONVERGENCE: REL_REDUCTION_OF_F_<=_FACTR*EPSMCH', 'grad': array([ -2.29955185e+02,  -2.71030003e+03,   5.52822834e+07,
         4.01800033e+04]), 'nit': 254, 'funcalls': 399})",c,"(array([ 5.00645762,  1.31660185,  0.77505805,  0.64903374]), inf, {'warnflag': 2, 'task': 'ABNORMAL_TERMINATION_IN_LNSRCH', 'grad': array([ -1.67474449e+06,  -4.64643349e+09,   4.28327343e+09,
         5.68471133e+09]), 'nit': 1, 'funcalls': 29})"tor,q,"(array([  7.07437433e+01,   5.24664896e+01,   5.12550829e+02,
         1.74610428e-01]), 1047.0521702442086, {'warnflag': 0, 'task': 'CONVERGENCE: REL_REDUCTION_OF_F_<=_FACTR*EPSMCH', 'grad': array([ -8.86757334e-03,  -1.45519152e-03,   1.36424205e-04,
         5.38170752e-01]), 'nit': 169, 'funcalls': 262})",a,"(array([   99.33988502,  1194.95873768,     1.38052149,    11.02344813]), 1785.5603936027728, {'warnflag': 0, 'task': 'CONVERGENCE: REL_REDUCTION_OF_F_<=_FACTR*EPSMCH', 'grad': array([  4.00416411e+00,   1.77351467e-02,  -1.07534038e+02,
        -1.85717681e+01]), 'nit': 311, 'funcalls': 510})",c,"(array([ 155.85943108,   52.92892161,   40.95195218,    4.08920723]), 10639.432713893199, {'warnflag': 0, 'task': 'CONVERGENCE: REL_REDUCTION_OF_F_<=_FACTR*EPSMCH', 'grad': array([ 0.0170985 ,  0.0001819 ,  0.0003638 , -0.01527951]), 'nit': 128, 'funcalls': 199})"travel,q,"(array([ 5.02923275,  1.28213651,  0.79233667,  0.69832207]), inf, {'warnflag': 2, 'task': 'ABNORMAL_TERMINATION_IN_LNSRCH', 'grad': array([  -18811.30447146, -2530771.09809965,  2300483.91385935,
        3073451.17034856]), 'nit': 1, 'funcalls': 28})",a,"(array([ 5.01507111,  1.28109913,  0.79734567,  0.69297081]), inf, {'warnflag': 2, 'task': 'ABNORMAL_TERMINATION_IN_LNSRCH', 'grad': array([  -16745.66301517, -4721093.61435287,  4249353.66027057,
        5766256.95102848]), 'nit': 1, 'funcalls': 28})",c,"(array([ 5.01047314,  1.29094101,  0.79134274,  0.68049787]), inf, {'warnflag': 2, 'task': 'ABNORMAL_TERMINATION_IN_LNSRCH', 'grad': array([ -1.21643115e+05,  -8.69043464e+07,   7.87181024e+07,
         1.06242406e+08]), 'nit': 1, 'funcalls': 29})"tridion,q,"(array([ 8.81292386,  0.04846723, -0.33851217,  6.11652901]), nan, {'warnflag': 2, 'task': 'ABNORMAL_TERMINATION_IN_LNSRCH', 'grad': array([   -21.80331649, -11865.53083699,   6204.62787992,   -238.94936021]), 'nit': 234, 'funcalls': 381})",a,"(array([ 27.19755065,  51.24396193,   0.09326608,  44.98696281]), 5745.031795908519, {'warnflag': 0, 'task': 'CONVERGENCE: REL_REDUCTION_OF_F_<=_FACTR*EPSMCH', 'grad': array([  1.05401341e+00,   3.42733983e+00,  -7.31174623e+03,
        -1.56601345e+01]), 'nit': 170, 'funcalls': 264})",c,"(array([ 5.71735714,  0.04266717, -0.48432215, -2.46826062]), nan, {'warnflag': 2, 'task': 'ABNORMAL_TERMINATION_IN_LNSRCH', 'grad': array([ -1.68089173e+01,   1.55506372e+05,   5.54166545e+03,
        -3.86551255e+03]), 'nit': 193, 'funcalls': 330})"unix,q,"(array([ 5.03267234,  1.31803566,  0.76828739,  0.65625865]), inf, {'warnflag': 2, 'task': 'ABNORMAL_TERMINATION_IN_LNSRCH', 'grad': array([  -191648.14148098, -75362223.29363227,  69962256.40177727,
        92211887.91561872]), 'nit': 1, 'funcalls': 29})",a,"(array([ 5.62324602,  0.05931125, -0.90734784, -2.56002699]), 1823218.7045104778, {'warnflag': 0, 'task': 'CONVERGENCE: REL_REDUCTION_OF_F_<=_FACTR*EPSMCH', 'grad': array([  -9590.85300565,  226831.57585561,    8266.16305858,
        -18642.47024059]), 'nit': 379, 'funcalls': 550})",c,"(array([  3.05952935e+01,   2.28910944e-02,  -9.91634440e-01,
        -3.47035253e+00]), 16875994.327497758, {'warnflag': 0, 'task': 'CONVERGENCE: REL_REDUCTION_OF_F_<=_FACTR*EPSMCH', 'grad': array([ -4.42858785e+04,  -1.00980121e+09,  -1.80407334e+07,
         2.77761918e+07]), 'nit': 586, 'funcalls': 857})"ux,q,"(array([  4.98554142e+01,   3.52699445e-02,   1.52049025e+02,
        -1.31839305e+00]), 55246.04683777361, {'warnflag': 0, 'task': 'CONVERGENCE: REL_REDUCTION_OF_F_<=_FACTR*EPSMCH', 'grad': array([   0.56752469,  135.13345039,   -0.14406396,  -40.67187547]), 'nit': 135, 'funcalls': 205})",a,"(array([  5.41914341e+00,   2.18561523e-03,   3.41335303e+00,
        -3.40753342e+00]), 876586.1494606313, {'warnflag': 0, 'task': 'CONVERGENCE: REL_REDUCTION_OF_F_<=_FACTR*EPSMCH', 'grad': array([ -1.44644873e+03,  -6.13868060e+07,  -5.00174821e+04,
         2.72241642e+05]), 'nit': 480, 'funcalls': 729})",c,"(array([ 5.02431246,  1.31015057,  0.7899647 ,  0.63613756]), inf, {'warnflag': 2, 'task': 'ABNORMAL_TERMINATION_IN_LNSRCH', 'grad': array([ -4.15906310e+05,  -2.04556520e+08,   1.79858346e+08,
         2.60521452e+08]), 'nit': 1, 'funcalls': 29})"webapps,q,"(array([ 5.02164439,  1.26670223,  0.80917837,  0.70596481]), inf, {'warnflag': 2, 'task': 'ABNORMAL_TERMINATION_IN_LNSRCH', 'grad': array([  -25708.42625573, -4765979.53238524,  4225933.51395335,
        5827342.08728652]), 'nit': 1, 'funcalls': 28})",a,"(array([  3.44714287e+02,   4.53102205e+03,   3.03766042e-02,
         3.65814241e+02]), 93164.33259587655, {'warnflag': 0, 'task': 'CONVERGENCE: REL_REDUCTION_OF_F_<=_FACTR*EPSMCH', 'grad': array([ -6.25732355e-02,  -1.45519152e-03,   6.12443546e+02,
         5.09317033e-02]), 'nit': 318, 'funcalls': 472})",c,"(array([ 5.0144364 ,  1.26659748,  0.81347648,  0.69931961]), inf, {'warnflag': 2, 'task': 'ABNORMAL_TERMINATION_IN_LNSRCH', 'grad': array([   -57948.35742563, -22281815.69371372,  19613369.78711188,
        27330056.69433624]), 'nit': 1, 'funcalls': 28})"webmasters,q,"(array([ 5.01947718,  1.28136801,  0.7956005 ,  0.69499203]), inf, {'warnflag': 2, 'task': 'ABNORMAL_TERMINATION_IN_LNSRCH', 'grad': array([   -6846.26284055, -1524683.16955492,  1382233.83255536,
        1849583.42288155]), 'nit': 1, 'funcalls': 28})",a,"(array([ 5.00732685,  1.2602215 ,  0.81496617,  0.71156679]), inf, {'warnflag': 2, 'task': 'ABNORMAL_TERMINATION_IN_LNSRCH', 'grad': array([   -48244.52335015, -18180323.82871024,  16015961.84773371,
        22222451.07404888]), 'nit': 1, 'funcalls': 28})",c,"(array([ 5.00696281,  1.27372079,  0.80544725,  0.69658729]), inf, {'warnflag': 2, 'task': 'ABNORMAL_TERMINATION_IN_LNSRCH', 'grad': array([   -70927.05927789, -49557604.98996824,  44069900.15413612,
        60736721.12543136]), 'nit': 1, 'funcalls': 28})"windowsphone,q,"(array([ 5.08802669,  1.45791412,  0.78413979,  0.25867286]), nan, {'warnflag': 2, 'task': 'ABNORMAL_TERMINATION_IN_LNSRCH', 'grad': array([ -101.17250895, -2235.70859816,   716.37100518,  6404.6677835 ]), 'nit': 1, 'funcalls': 25})",a,"(array([  1.18054005e+01,   1.98335518e-05,   3.95117534e+01,
        -3.35780141e+00]), 1070.7703524106917, {'warnflag': 0, 'task': 'CONVERGENCE: REL_REDUCTION_OF_F_<=_FACTR*EPSMCH', 'grad': array([ -4.57669103e+00,  -4.54429874e+06,  -3.34398464e+00,
         4.55645886e+02]), 'nit': 220, 'funcalls': 353})",c,"(array([ 5.03460083,  1.49181616,  0.79372969,  0.15479458]), 41827.93086837264, {'warnflag': 0, 'task': 'CONVERGENCE: REL_REDUCTION_OF_F_<=_FACTR*EPSMCH', 'grad': array([  -160.27188394,  -5733.58775   ,  -3804.35158149,  37435.06968021]), 'nit': 2, 'funcalls': 29})"wordpress,q,"(array([ 32.58051307,  20.59982747,   0.19772766,  15.83686521]), 1394356.8645577203, {'warnflag': 0, 'task': 'CONVERGENCE: REL_REDUCTION_OF_F_<=_FACTR*EPSMCH', 'grad': array([  1.93072483e+03,   9.13749263e+05,  -2.64581531e+08,
        -3.39659601e+06]), 'nit': 98, 'funcalls': 164})",a,"(array([ 5.00898647,  1.29349367,  0.79095758,  0.67555185]), inf, {'warnflag': 2, 'task': 'ABNORMAL_TERMINATION_IN_LNSRCH', 'grad': array([  -103830.9186697 , -64660692.58749485,  58573919.53468323,
        79105883.74361396]), 'nit': 1, 'funcalls': 29})",c,"(array([ 5.00563298,  1.30122306,  0.78502603,  0.66795428]), inf, {'warnflag': 2, 'task': 'ABNORMAL_TERMINATION_IN_LNSRCH', 'grad': array([ -4.43928689e+05,  -6.91437048e+08,   6.30816960e+08,
         8.45409771e+08]), 'nit': 1, 'funcalls': 29})"workplace,q,"(array([-6.15248125,  9.95659528,  0.24503971,  9.10394375]), nan, {'warnflag': 2, 'task': 'ABNORMAL_TERMINATION_IN_LNSRCH', 'grad': array([   -6.98091753,   -32.54936018,  2883.13131023,    67.44630809]), 'nit': 75, 'funcalls': 164})",a,"(array([ -5.39653564e+01,   1.13209155e+02,   5.04726576e-02,
         9.25294489e+01]), 12560832.50850185, {'warnflag': 2, 'task': 'ABNORMAL_TERMINATION_IN_LNSRCH', 'grad': array([  8.95909034e+02,   4.24950849e+03,  -4.15937388e+07,
        -2.36880267e+04]), 'nit': 294, 'funcalls': 493})",c,"(array([ -4.55997568e+01,   2.14727929e+02,   8.42560856e-02,
         6.44403219e+01]), 3571723.027251137, {'warnflag': 0, 'task': 'CONVERGENCE: REL_REDUCTION_OF_F_<=_FACTR*EPSMCH', 'grad': array([  5.11761755e+02,   3.55769880e+03,  -4.52224278e+07,
        -6.17959537e+04]), 'nit': 256, 'funcalls': 440})"